date,temperature,time_start,box,channel,genet,tank,run,polyps,measurement,body_size_mm,body_mass_g
11/30/23,19,12:30:00,1,1,B,6,Corynactis,6,polyp 1,4.475,0.6974856249999999
11/30/23,19,12:30:00,1,1,B,6,Corynactis,6,polyp 2,5.194999999999999,0.8725824249999998
11/30/23,19,12:30:00,1,1,B,6,Corynactis,6,polyp 3,3.04,0.40107919999999997
11/30/23,19,12:30:00,1,1,B,6,Corynactis,6,polyp 4,3.4350000000000005,0.4756848250000001
11/30/23,19,12:30:00,1,1,B,6,Corynactis,6,polyp 5,4.64,0.7360552
11/30/23,19,12:30:00,1,1,B,6,Corynactis,6,polyp 6,5.380000000000001,0.9204188000000002
11/30/23,19,12:30:00,1,2,B,7,Corynactis,4,polyp 1,3.615,0.511441825
11/30/23,19,12:30:00,1,2,B,7,Corynactis,4,polyp 2,3.4450000000000003,0.477642425
11/30/23,19,12:30:00,1,2,B,7,Corynactis,4,polyp 3,5.540000000000001,0.9627292000000003
11/30/23,19,12:30:00,1,2,B,7,Corynactis,4,polyp 4,5.15,0.8611225000000001
11/30/23,19,12:30:00,1,3,B,8,Corynactis,6,polyp 1,5.775,1.026450625
11/30/23,19,12:30:00,1,3,B,8,Corynactis,6,polyp 2,3.0949999999999998,0.41114942499999996
11/30/23,19,12:30:00,1,3,B,8,Corynactis,6,polyp 3,5.075000000000001,0.8421756250000002
11/30/23,19,12:30:00,1,3,B,8,Corynactis,6,polyp 4,3.2,0.43066000000000004
11/30/23,19,12:30:00,1,3,B,8,Corynactis,6,polyp 5,4.88,0.7938087999999999
11/30/23,19,12:30:00,1,3,B,8,Corynactis,6,polyp 6,4.56,0.7172391999999999
11/30/23,19,12:30:00,1,4,B,9,Corynactis,4,polyp 1,2.7700000000000005,0.3531353000000001
11/30/23,19,12:30:00,1,4,B,9,Corynactis,4,polyp 2,5.3100000000000005,0.9021817000000001
11/30/23,19,12:30:00,1,4,B,9,Corynactis,4,polyp 3,4.44,0.6894232
11/30/23,19,12:30:00,1,4,B,9,Corynactis,4,polyp 4,4.255,0.6474994249999999
12/1/23,19,12:30:00,1,1,E,6,Corynactis,4,polyp 1,2.45,0.2995225
12/1/23,19,12:30:00,1,1,E,6,Corynactis,4,polyp 2,5.415,0.9295998249999999
12/1/23,19,12:30:00,1,1,E,6,Corynactis,4,polyp 3,3.3950000000000005,0.46788842500000005
12/1/23,19,12:30:00,1,1,E,6,Corynactis,4,polyp 4,3.375,0.46401062499999995
12/1/23,19,12:30:00,1,2,E,7,Corynactis,5,polyp 1,3.9549999999999996,0.5819884249999998
12/1/23,19,12:30:00,1,2,E,7,Corynactis,5,polyp 2,5.324999999999999,0.9060756249999998
12/1/23,19,12:30:00,1,2,E,7,Corynactis,5,polyp 3,3.215,0.43347782499999993
12/1/23,19,12:30:00,1,2,E,7,Corynactis,5,polyp 4,5.449999999999999,0.9388224999999999
12/1/23,19,12:30:00,1,2,E,7,Corynactis,5,polyp 5,3.0949999999999998,0.41114942499999996
12/1/23,19,12:30:00,1,3,E,8,Corynactis,8,polyp 1,5.185,0.8700298249999999
12/1/23,19,12:30:00,1,3,E,8,Corynactis,8,polyp 2,4.6850000000000005,0.7467348250000001
12/1/23,19,12:30:00,1,3,E,8,Corynactis,8,polyp 3,3.145,0.420393425
12/1/23,19,12:30:00,1,3,E,8,Corynactis,8,polyp 4,3.84,0.5576871999999999
12/1/23,19,12:30:00,1,3,E,8,Corynactis,8,polyp 5,5.32,0.9047768
12/1/23,19,12:30:00,1,3,E,8,Corynactis,8,polyp 6,3.06,0.4047292
12/1/23,19,12:30:00,1,3,E,8,Corynactis,8,polyp 7,4.99,0.8209337000000001
12/1/23,19,12:30:00,1,3,E,8,Corynactis,8,polyp 8,2.98,0.39021079999999997
12/1/23,19,12:30:00,1,4,E,9,Corynactis,7,polyp 1,4.33,0.6643553
12/1/23,19,12:30:00,1,4,E,9,Corynactis,7,polyp 2,3.02,0.3974428
12/1/23,19,12:30:00,1,4,E,9,Corynactis,7,polyp 3,3.8749999999999996,0.5650356249999999
12/1/23,19,12:30:00,1,4,E,9,Corynactis,7,polyp 4,3.2,0.43066000000000004
12/1/23,19,12:30:00,1,4,E,9,Corynactis,7,polyp 5,2.59,0.32254969999999994
12/1/23,19,12:30:00,1,4,E,9,Corynactis,7,polyp 6,4.04,0.6002392
12/1/23,19,12:30:00,1,4,E,9,Corynactis,7,polyp 7,4.19,0.6330457
12/1/23,19,17:45:00,1,1,B,6,Corynactis,3,polyp 1,2.24,0.2662312
12/1/23,19,17:45:00,1,1,B,6,Corynactis,3,polyp 2,4.97,0.8159713
12/1/23,19,17:45:00,1,1,B,6,Corynactis,3,polyp 3,1.7599999999999998,0.19576719999999997
12/1/23,19,17:45:00,1,2,B,10,Corynactis,5,polyp 1,3.805,0.550380425
12/1/23,19,17:45:00,1,2,B,10,Corynactis,5,polyp 2,3.24,0.4381912
12/1/23,19,17:45:00,1,2,B,10,Corynactis,5,polyp 3,4.505,0.7044294249999999
12/1/23,19,17:45:00,1,2,B,10,Corynactis,5,polyp 4,4.665,0.741979825
12/1/23,19,17:45:00,1,2,B,10,Corynactis,5,polyp 5,5.41,0.9282857
12/1/23,19,17:45:00,1,3,E,8,Corynactis,5,polyp 1,5.18,0.8687547999999998
12/1/23,19,17:45:00,1,3,E,8,Corynactis,5,polyp 2,3.965,0.5841228249999999
12/1/23,19,17:45:00,1,3,E,8,Corynactis,5,polyp 3,6.13,1.1262713
12/1/23,19,17:45:00,1,3,E,8,Corynactis,5,polyp 4,5.390000000000001,0.9230377000000001
12/1/23,19,17:45:00,1,3,E,8,Corynactis,5,polyp 5,4.605,0.7277964250000001
12/1/23,19,17:45:00,1,4,E,10,Corynactis,8,polyp 1,3.3999999999999995,0.4688599999999999
12/1/23,19,17:45:00,1,4,E,10,Corynactis,8,polyp 2,4.93,0.8060873
12/1/23,19,17:45:00,1,4,E,10,Corynactis,8,polyp 3,3.75,0.5389824999999999
12/1/23,19,17:45:00,1,4,E,10,Corynactis,8,polyp 4,3.4250000000000003,0.47373062500000007
12/1/23,19,17:45:00,1,4,E,10,Corynactis,8,polyp 5,4.17,0.6286273
12/1/23,19,17:45:00,1,4,E,10,Corynactis,8,polyp 6,4.09,0.6110897
12/1/23,19,17:45:00,1,4,E,10,Corynactis,8,polyp 7,3.0949999999999998,0.41114942499999996
12/1/23,19,17:45:00,1,4,E,10,Corynactis,8,polyp 8,3.415,0.471779825
12/10/23,15,11:00:00,1,2,E,3,Corynactis,5,polyp 1,4.954999999999999,0.8122584249999998
12/10/23,15,11:00:00,1,2,E,3,Corynactis,5,polyp 2,6.5600000000000005,1.2529192000000002
12/10/23,15,11:00:00,1,2,E,3,Corynactis,5,polyp 3,3.865,0.5629318249999999
12/10/23,15,11:00:00,1,2,E,3,Corynactis,5,polyp 4,2.6550000000000002,0.33346742500000004
12/10/23,15,11:00:00,1,2,E,3,Corynactis,5,polyp 5,4.2,0.6352599999999999
12/10/23,15,11:00:00,1,3,E,4,Corynactis,7,polyp 1,3.3150000000000004,0.45245882500000006
12/10/23,15,11:00:00,1,3,E,4,Corynactis,7,polyp 2,4.83,0.7816153
12/10/23,15,11:00:00,1,3,E,4,Corynactis,7,polyp 3,2.49,0.3060337
12/10/23,15,11:00:00,1,3,E,4,Corynactis,7,polyp 4,4.875,0.7925856250000001
12/10/23,15,11:00:00,1,3,E,4,Corynactis,7,polyp 5,3.205,0.431598425
12/10/23,15,11:00:00,1,3,E,4,Corynactis,7,polyp 6,4.35,0.6688824999999998
12/10/23,15,11:00:00,1,3,E,4,Corynactis,7,polyp 7,5.12,0.8535208000000001
12/10/23,15,11:00:00,1,4,E,5,Corynactis,6,polyp 1,4.625,0.732510625
12/10/23,15,11:00:00,1,4,E,5,Corynactis,6,polyp 2,3.7949999999999995,0.5483004249999999
12/10/23,15,11:00:00,1,4,E,5,Corynactis,6,polyp 3,3.775,0.5441506249999999
12/10/23,15,11:00:00,1,4,E,5,Corynactis,6,polyp 4,3.3800000000000003,0.4649788
12/10/23,15,11:00:00,1,4,E,5,Corynactis,6,polyp 5,4.36,0.6711512
12/10/23,15,11:00:00,1,4,E,5,Corynactis,6,polyp 6,3.9349999999999996,0.5777298249999999
12/10/23,15,11:00:00,2,1,E,1,Corynactis,3,polyp 1,3.9549999999999996,0.5819884249999998
12/10/23,15,11:00:00,2,1,E,1,Corynactis,3,polyp 2,3.4350000000000005,0.4756848250000001
12/10/23,15,11:00:00,2,1,E,1,Corynactis,3,polyp 3,4.745,0.761081425
12/10/23,15,11:00:00,2,2,E,2,Corynactis,6,polyp 1,3.61,0.5104337
12/10/23,15,11:00:00,2,2,E,2,Corynactis,6,polyp 2,3.14,0.4194652
12/10/23,15,11:00:00,2,2,E,2,Corynactis,6,polyp 3,5.11,0.8509937000000001
12/10/23,15,11:00:00,2,2,E,2,Corynactis,6,polyp 4,4.265,0.6497358249999998
12/10/23,15,11:00:00,2,2,E,2,Corynactis,6,polyp 5,2.6649999999999996,0.33515982499999997
12/10/23,15,11:00:00,2,2,E,2,Corynactis,6,polyp 6,4.260000000000001,0.6486172000000001
12/10/23,15,11:00:00,2,3,E,4,Corynactis,7,polyp 1,4.365,0.672286825
12/10/23,15,11:00:00,2,3,E,4,Corynactis,7,polyp 2,3.4350000000000005,0.4756848250000001
12/10/23,15,11:00:00,2,3,E,4,Corynactis,7,polyp 3,3.4499999999999997,0.4786224999999999
12/10/23,15,11:00:00,2,3,E,4,Corynactis,7,polyp 4,3.865,0.5629318249999999
12/10/23,15,11:00:00,2,3,E,4,Corynactis,7,polyp 5,2.7349999999999994,0.34710182499999986
12/10/23,15,11:00:00,2,3,E,4,Corynactis,7,polyp 6,4.15,0.6242225000000001
12/10/23,15,11:00:00,2,3,E,4,Corynactis,7,polyp 7,5.66,0.9950332000000001
12/10/23,15,16:00:00,1,2,B,1,Corynactis,3,polyp 1,2.125,0.248635625
12/10/23,15,16:00:00,1,2,B,1,Corynactis,3,polyp 2,5.745,1.018211425
12/10/23,15,16:00:00,1,2,B,1,Corynactis,3,polyp 3,4.69,0.7479257
12/10/23,15,16:00:00,1,3,A,2,Corynactis,3,polyp 1,5.395,0.9243484249999998
12/10/23,15,16:00:00,1,3,A,2,Corynactis,3,polyp 2,4.09,0.6110897
12/10/23,15,16:00:00,1,3,A,2,Corynactis,3,polyp 3,5.075000000000001,0.8421756250000002
12/10/23,15,16:00:00,1,4,A,3,Corynactis,4,polyp 1,3.5050000000000003,0.48945942500000006
12/10/23,15,16:00:00,1,4,A,3,Corynactis,4,polyp 2,5.3100000000000005,0.9021817000000001
12/10/23,15,16:00:00,1,4,A,3,Corynactis,4,polyp 3,5.055,0.837155425
12/10/23,15,16:00:00,1,4,A,3,Corynactis,4,polyp 4,3.955,0.581988425
12/11/23,23,13:00:00,1,2,B,14,Corynactis,7,polyp 1,3.145,0.420393425
12/11/23,23,13:00:00,1,2,B,14,Corynactis,7,polyp 2,4.28,0.6530968
12/11/23,23,13:00:00,1,2,B,14,Corynactis,7,polyp 3,4.16,0.6264232000000001
12/11/23,23,13:00:00,1,2,B,14,Corynactis,7,polyp 4,3.23,0.43630329999999995
12/11/23,23,13:00:00,1,2,B,14,Corynactis,7,polyp 5,5.760000000000001,1.0223272
12/11/23,23,13:00:00,1,2,B,14,Corynactis,7,polyp 6,6.630000000000001,1.2741313000000003
12/11/23,23,13:00:00,1,2,B,14,Corynactis,7,polyp 7,4.835000000000001,0.7828308250000002
12/11/23,23,13:00:00,1,3,A,15,Corynactis,7,polyp 1,4.4350000000000005,0.6882748250000001
12/11/23,23,13:00:00,1,3,A,15,Corynactis,7,polyp 2,3.585,0.505405825
12/11/23,23,13:00:00,1,3,A,15,Corynactis,7,polyp 3,4.12,0.6176408
12/11/23,23,13:00:00,1,3,A,15,Corynactis,7,polyp 4,3.7800000000000002,0.5451868
12/11/23,23,13:00:00,1,3,A,15,Corynactis,7,polyp 5,5.04,0.8333992000000001
12/11/23,23,13:00:00,1,3,A,15,Corynactis,7,polyp 6,3.815,0.552463825
12/11/23,23,13:00:00,1,3,A,15,Corynactis,7,polyp 7,7.250000000000001,1.4692825000000003
12/11/23,23,13:00:00,1,4,E,15,Corynactis,7,polyp 1,3.3599999999999994,0.4611111999999999
12/11/23,23,13:00:00,1,4,E,15,Corynactis,7,polyp 2,5.244999999999999,0.8853964249999997
12/11/23,23,13:00:00,1,4,E,15,Corynactis,7,polyp 3,4.545,0.713735425
12/11/23,23,13:00:00,1,4,E,15,Corynactis,7,polyp 4,3.83,0.5555953
12/11/23,23,13:00:00,1,4,E,15,Corynactis,7,polyp 5,3.725,0.533835625
12/11/23,23,13:00:00,1,4,E,15,Corynactis,7,polyp 6,2.8149999999999995,0.3609538249999999
12/11/23,23,13:00:00,1,4,E,15,Corynactis,7,polyp 7,1.27,0.1319153
12/11/23,23,13:00:00,2,1,B,11,Corynactis,3,polyp 1,5.475,0.945435625
12/11/23,23,13:00:00,2,1,B,11,Corynactis,3,polyp 2,4.555,0.716070425
12/11/23,23,13:00:00,2,1,B,11,Corynactis,3,polyp 3,5.154999999999999,0.8623924249999998
12/11/23,23,13:00:00,2,2,A,14,Corynactis,5,polyp 1,4.785,0.7707138250000001
12/11/23,23,13:00:00,2,2,A,14,Corynactis,5,polyp 2,5.13,0.8560513000000001
12/11/23,23,13:00:00,2,2,A,14,Corynactis,5,polyp 3,4.180000000000001,0.6308348000000001
12/11/23,23,13:00:00,2,2,A,14,Corynactis,5,polyp 4,3.8200000000000003,0.5535068000000001
12/11/23,23,13:00:00,2,2,A,14,Corynactis,5,polyp 5,4.66,0.7407932
12/11/23,23,13:00:00,2,3,E,14,Corynactis,3,polyp 1,3.135,0.4185378249999999
12/11/23,23,13:00:00,2,3,E,14,Corynactis,3,polyp 2,4.4350000000000005,0.6882748250000001
12/11/23,23,13:00:00,2,3,E,14,Corynactis,3,polyp 3,3.5650000000000004,0.5013988250000001
12/12/23,15,18:00:00,1,2,B,3,Corynactis,5,polyp 1,7.324999999999999,1.4937756249999996
12/12/23,15,18:00:00,1,2,B,3,Corynactis,5,polyp 2,4.325,0.663225625
12/12/23,15,18:00:00,1,2,B,3,Corynactis,5,polyp 3,4.109999999999999,0.6154536999999999
12/12/23,15,18:00:00,1,2,B,3,Corynactis,5,polyp 4,4.9,0.7987100000000001
12/12/23,15,18:00:00,1,2,B,3,Corynactis,5,polyp 5,5.495,0.950741425
12/12/23,15,18:00:00,1,3,E,3,Corynactis,3,polyp 1,4.425,0.6859806249999999
12/12/23,15,18:00:00,1,3,E,3,Corynactis,3,polyp 2,4.55,0.7149025
12/12/23,15,18:00:00,1,3,E,3,Corynactis,3,polyp 3,4.96,0.8134952
12/12/23,15,18:00:00,1,4,A,4,Corynactis,4,polyp 1,2.67,0.3360073
12/12/23,15,18:00:00,1,4,A,4,Corynactis,4,polyp 2,3.8200000000000003,0.5535068000000001
12/12/23,15,18:00:00,1,4,A,4,Corynactis,4,polyp 3,5.025,0.829650625
12/12/23,15,18:00:00,1,4,A,4,Corynactis,4,polyp 4,5.510000000000001,0.9547297000000001
12/12/23,15,18:00:00,2,1,A,2,Corynactis,7,polyp 1,5.3549999999999995,0.9138864249999998
12/12/23,15,18:00:00,2,1,A,2,Corynactis,7,polyp 2,5.26,0.8892571999999999
12/12/23,15,18:00:00,2,1,A,2,Corynactis,7,polyp 3,4.285,0.6542188250000001
12/12/23,15,18:00:00,2,1,A,2,Corynactis,7,polyp 4,3.62,0.5124508
12/12/23,15,18:00:00,2,1,A,2,Corynactis,7,polyp 5,4.935,0.8073198249999999
12/12/23,15,18:00:00,2,1,A,2,Corynactis,7,polyp 6,4.695,0.7491174250000001
12/12/23,15,18:00:00,2,1,A,2,Corynactis,7,polyp 7,3.1999999999999993,0.4306599999999998
12/12/23,15,18:00:00,2,2,B,2,Corynactis,5,polyp 1,5.17,0.8662072999999999
12/12/23,15,18:00:00,2,2,B,2,Corynactis,5,polyp 2,4.055000000000001,0.6034854250000001
12/12/23,15,18:00:00,2,2,B,2,Corynactis,5,polyp 3,5.620000000000001,0.9842108000000003
12/12/23,15,18:00:00,2,2,B,2,Corynactis,5,polyp 4,3.925,0.5756056249999999
12/12/23,15,18:00:00,2,2,B,2,Corynactis,5,polyp 5,5.300000000000001,0.8995900000000001
12/12/23,15,18:00:00,2,3,E,2,Corynactis,3,polyp 1,3.5050000000000003,0.48945942500000006
12/12/23,15,18:00:00,2,3,E,2,Corynactis,3,polyp 2,4.395,0.679118425
12/12/23,15,18:00:00,2,3,E,2,Corynactis,3,polyp 3,3.8600000000000003,0.5618812
12/12/23,19,11:00:00,1,2,A,8,Corynactis,8,polyp 1,4.6450000000000005,0.7372384250000001
12/12/23,19,11:00:00,1,2,A,8,Corynactis,8,polyp 2,4.78,0.7695068
12/12/23,19,11:00:00,1,2,A,8,Corynactis,8,polyp 3,4.2299999999999995,0.6419233
12/12/23,19,11:00:00,1,2,A,8,Corynactis,8,polyp 4,2.3449999999999998,0.28268942499999994
12/12/23,19,11:00:00,1,2,A,8,Corynactis,8,polyp 5,4.13,0.6198313
12/12/23,19,11:00:00,1,2,A,8,Corynactis,8,polyp 6,3.75,0.5389824999999999
12/12/23,19,11:00:00,1,2,A,8,Corynactis,8,polyp 7,3.75,0.5389824999999999
12/12/23,19,11:00:00,1,2,A,8,Corynactis,8,polyp 8,5.445,0.9375024250000001
12/12/23,19,11:00:00,1,3,B,9,Corynactis,3,polyp 1,4.7299999999999995,0.7574832999999999
12/12/23,19,11:00:00,1,3,B,9,Corynactis,3,polyp 2,3.495,0.487481425
12/12/23,19,11:00:00,1,3,B,9,Corynactis,3,polyp 3,3.835,0.5566408249999999
12/12/23,19,11:00:00,1,4,E,10,Corynactis,8,polyp 1,3.2899999999999996,0.44768169999999985
12/12/23,19,11:00:00,1,4,E,10,Corynactis,8,polyp 2,3.0149999999999997,0.39653582499999995
12/12/23,19,11:00:00,1,4,E,10,Corynactis,8,polyp 3,5.905,1.0625074250000002
12/12/23,19,11:00:00,1,4,E,10,Corynactis,8,polyp 4,4.12,0.6176408
12/12/23,19,11:00:00,1,4,E,10,Corynactis,8,polyp 5,4.31,0.6598416999999999
12/12/23,19,11:00:00,1,4,E,10,Corynactis,8,polyp 6,4.225,0.6408106249999999
12/12/23,19,11:00:00,1,4,E,10,Corynactis,8,polyp 7,3.775,0.5441506249999999
12/12/23,19,11:00:00,1,4,E,10,Corynactis,8,polyp 8,3.9250000000000003,0.5756056250000001
12/12/23,19,11:00:00,2,1,A,7,Corynactis,6,polyp 1,3.9800000000000004,0.5873308000000002
12/12/23,19,11:00:00,2,1,A,7,Corynactis,6,polyp 2,2.87,0.3706033
12/12/23,19,11:00:00,2,1,A,7,Corynactis,6,polyp 3,3.1999999999999993,0.4306599999999998
12/12/23,19,11:00:00,2,1,A,7,Corynactis,6,polyp 4,2.8249999999999997,0.362700625
12/12/23,19,11:00:00,2,1,A,7,Corynactis,6,polyp 5,3.53,0.49441929999999995
12/12/23,19,11:00:00,2,1,A,7,Corynactis,6,polyp 6,4.295,0.6564654249999999
12/12/23,19,11:00:00,2,2,B,7,Corynactis,3,polyp 1,3.65,0.5185225
12/12/23,19,11:00:00,2,2,B,7,Corynactis,3,polyp 2,5.404999999999999,0.9269724249999998
12/12/23,19,11:00:00,2,2,B,7,Corynactis,3,polyp 3,4.0649999999999995,0.6056538249999999
12/12/23,19,11:00:00,2,3,E,7,Corynactis,3,polyp 1,5.225,0.8802606249999999
12/12/23,19,11:00:00,2,3,E,7,Corynactis,3,polyp 2,3.96,0.5830552
12/12/23,19,11:00:00,2,3,E,7,Corynactis,3,polyp 3,4.715,0.753892825
12/2/23,19,12:45:00,1,1,A,6,Corynactis,7,polyp 1,3.6550000000000002,0.519537425
12/2/23,19,12:45:00,1,1,A,6,Corynactis,7,polyp 2,4.705,0.751503425
12/2/23,19,12:45:00,1,1,A,6,Corynactis,7,polyp 3,3.5599999999999996,0.5003991999999999
12/2/23,19,12:45:00,1,1,A,6,Corynactis,7,polyp 4,4.135,0.6209278249999999
12/2/23,19,12:45:00,1,1,A,6,Corynactis,7,polyp 5,5.495000000000001,0.9507414250000004
12/2/23,19,12:45:00,1,1,A,6,Corynactis,7,polyp 6,3.265,0.442925825
12/2/23,19,12:45:00,1,1,A,6,Corynactis,7,polyp 7,4.505,0.7044294249999999
12/2/23,19,12:45:00,1,1,A,6,Corynactis,7,polyp 8,3.685,0.525644825
12/2/23,19,12:45:00,1,2,A,8,Corynactis,3,polyp 1,4.615,0.7301518250000001
12/2/23,19,12:45:00,1,2,A,8,Corynactis,3,polyp 2,5.985,1.084981825
12/2/23,19,12:45:00,1,2,A,8,Corynactis,3,polyp 3,4.875,0.7925856250000001
12/2/23,19,12:45:00,1,3,A,9,Corynactis,5,polyp 1,5.785,1.0292038250000002
12/2/23,19,12:45:00,1,3,A,9,Corynactis,5,polyp 2,5.21,0.8764177
12/2/23,19,12:45:00,1,3,A,9,Corynactis,5,polyp 3,4.055,0.6034854249999999
12/2/23,19,12:45:00,1,3,A,9,Corynactis,5,polyp 4,3.4699999999999998,0.4825512999999999
12/2/23,19,12:45:00,1,3,A,9,Corynactis,5,polyp 5,5.755,1.020954425
12/2/23,19,12:45:00,1,4,A,10,Corynactis,7,polyp 1,3.2099999999999995,0.4325376999999999
12/2/23,19,12:45:00,1,4,A,10,Corynactis,7,polyp 2,4.4,0.6802600000000001
12/2/23,19,12:45:00,1,4,A,10,Corynactis,7,polyp 3,3.88,0.5660888
12/2/23,19,12:45:00,1,4,A,10,Corynactis,7,polyp 4,4.074999999999999,0.6078256249999998
12/2/23,19,12:45:00,1,4,A,10,Corynactis,7,polyp 5,3.325,0.45437562500000006
12/2/23,19,12:45:00,1,4,A,10,Corynactis,7,polyp 6,4.515000000000001,0.7067508250000001
12/2/23,19,12:45:00,1,4,A,10,Corynactis,7,polyp 7,3.0300000000000002,0.39925930000000004
12/2/23,19,18:00:00,1,1,A,6,Corynactis,4,polyp 1,4.015,0.5948458249999999
12/2/23,19,18:00:00,1,1,A,6,Corynactis,4,polyp 2,3.7199999999999998,0.5328088
12/2/23,19,18:00:00,1,1,A,6,Corynactis,4,polyp 3,3.88,0.5660888
12/2/23,19,18:00:00,1,1,A,6,Corynactis,4,polyp 4,2.58,0.3208828
12/2/23,19,18:00:00,1,2,A,7,Corynactis,7,polyp 1,5.24,0.8841112
12/2/23,19,18:00:00,1,2,A,7,Corynactis,7,polyp 2,4.92,0.8036247999999999
12/2/23,19,18:00:00,1,2,A,7,Corynactis,7,polyp 3,3.54,0.4964092
12/2/23,19,18:00:00,1,2,A,7,Corynactis,7,polyp 4,4.695,0.7491174250000001
12/2/23,19,18:00:00,1,2,A,7,Corynactis,7,polyp 5,5.12,0.8535208000000001
12/2/23,19,18:00:00,1,2,A,7,Corynactis,7,polyp 6,4.14,0.6220252
12/2/23,19,18:00:00,1,2,A,7,Corynactis,7,polyp 7,4.87,0.7913633
12/3/23,23,11:45:00,1,1,A,11,Corynactis,6,polyp 1,3.83,0.5555953
12/3/23,23,11:45:00,1,1,A,11,Corynactis,6,polyp 2,4,0.59162
12/3/23,23,11:45:00,1,1,A,11,Corynactis,6,polyp 3,5.28,0.8944168000000001
12/3/23,23,11:45:00,1,1,A,11,Corynactis,6,polyp 4,4.215,0.638587825
12/3/23,23,11:45:00,1,1,A,11,Corynactis,6,polyp 5,3.3999999999999995,0.4688599999999999
12/3/23,23,11:45:00,1,1,A,11,Corynactis,6,polyp 6,5.295,0.8982954249999999
12/3/23,23,11:45:00,1,2,A,12,Corynactis,3,polyp 1,5.26,0.8892571999999999
12/3/23,23,11:45:00,1,2,A,12,Corynactis,3,polyp 2,4.37,0.6734233000000001
12/3/23,23,11:45:00,1,2,A,12,Corynactis,3,polyp 3,3.8,0.5493399999999999
12/3/23,23,11:45:00,1,3,A,13,Corynactis,5,polyp 1,6.205,1.1479084250000002
12/3/23,23,11:45:00,1,3,A,13,Corynactis,5,polyp 2,4.3149999999999995,0.6609688249999999
12/3/23,23,11:45:00,1,3,A,13,Corynactis,5,polyp 3,5.225,0.8802606249999999
12/3/23,23,11:45:00,1,3,A,13,Corynactis,5,polyp 4,3.825,0.5545506250000001
12/3/23,23,11:45:00,1,3,A,13,Corynactis,5,polyp 5,6.3199999999999985,1.1814567999999994
12/3/23,23,11:45:00,1,4,A,14,Corynactis,7,polyp 1,3.1950000000000003,0.429722425
12/3/23,23,11:45:00,1,4,A,14,Corynactis,7,polyp 2,4.505,0.7044294249999999
12/3/23,23,11:45:00,1,4,A,14,Corynactis,7,polyp 3,5.375,0.9191106250000001
12/3/23,23,11:45:00,1,4,A,14,Corynactis,7,polyp 4,3.645,0.5175084249999999
12/3/23,23,11:45:00,1,4,A,14,Corynactis,7,polyp 5,4.785,0.7707138250000001
12/3/23,23,11:45:00,1,4,A,14,Corynactis,7,polyp 6,3.8449999999999998,0.5587344249999999
12/3/23,23,11:45:00,1,4,A,14,Corynactis,7,polyp 7,4.175,0.6297306249999999
12/3/23,23,17:15:00,1,1,B,11,Corynactis,3,polyp 1,5.055000000000001,0.8371554250000002
12/3/23,23,17:15:00,1,1,B,11,Corynactis,3,polyp 2,5.620000000000001,0.9842108000000003
12/3/23,23,17:15:00,1,1,B,11,Corynactis,3,polyp 3,5.155000000000001,0.8623924250000004
12/3/23,23,17:15:00,1,2,B,12,Corynactis,5,polyp 1,5.475000000000001,0.9454356250000003
12/3/23,23,17:15:00,1,2,B,12,Corynactis,5,polyp 2,4.76,0.7646872
12/3/23,23,17:15:00,1,2,B,12,Corynactis,5,polyp 3,4.89,0.7962577
12/3/23,23,17:15:00,1,2,B,12,Corynactis,5,polyp 4,5.205,0.8751384249999999
12/3/23,23,17:15:00,1,2,B,12,Corynactis,5,polyp 5,4.875,0.7925856250000001
12/3/23,23,17:15:00,1,3,B,13,Corynactis,6,polyp 1,4.71,0.7526977
12/3/23,23,17:15:00,1,3,B,13,Corynactis,6,polyp 2,5.05,0.8359025
12/3/23,23,17:15:00,1,3,B,13,Corynactis,6,polyp 3,3.8749999999999996,0.5650356249999999
12/3/23,23,17:15:00,1,3,B,13,Corynactis,6,polyp 4,5.215000000000001,0.8776978250000003
12/3/23,23,17:15:00,1,3,B,13,Corynactis,6,polyp 5,2.95,0.38482250000000007
12/3/23,23,17:15:00,1,3,B,13,Corynactis,6,polyp 6,5.745,1.018211425
12/3/23,23,17:15:00,1,4,B,14,Corynactis,5,polyp 1,4.79,0.7719216999999999
12/3/23,23,17:15:00,1,4,B,14,Corynactis,5,polyp 2,3.89,0.5681977
12/3/23,23,17:15:00,1,4,B,14,Corynactis,5,polyp 3,5.655,0.993677425
12/3/23,23,17:15:00,1,4,B,14,Corynactis,5,polyp 4,3.4850000000000003,0.4855068250000001
12/3/23,23,17:15:00,1,4,B,14,Corynactis,5,polyp 5,3.815,0.552463825
12/4/23,23,10:45:00,1,1,E,11,Corynactis,5,polyp 1,3.4699999999999998,0.4825512999999999
12/4/23,23,10:45:00,1,1,E,11,Corynactis,5,polyp 2,2.4699999999999998,0.30277129999999997
12/4/23,23,10:45:00,1,1,E,11,Corynactis,5,polyp 3,3.455,0.47960342499999997
12/4/23,23,10:45:00,1,1,E,11,Corynactis,5,polyp 4,3.305,0.450545425
12/4/23,23,10:45:00,1,1,E,11,Corynactis,5,polyp 5,5.945,1.0737174250000001
12/4/23,23,10:45:00,1,2,E,12,Corynactis,3,polyp 1,4.41,0.6825456999999999
12/4/23,23,10:45:00,1,2,E,12,Corynactis,3,polyp 2,3.18,0.4269148
12/4/23,23,10:45:00,1,2,E,12,Corynactis,3,polyp 3,4.47,0.6963313
12/4/23,23,10:45:00,1,3,E,13,Corynactis,7,polyp 1,3.4499999999999997,0.4786224999999999
12/4/23,23,10:45:00,1,3,E,13,Corynactis,7,polyp 2,4.255,0.6474994249999999
12/4/23,23,10:45:00,1,3,E,13,Corynactis,7,polyp 3,3.25,0.4400825
12/4/23,23,10:45:00,1,3,E,13,Corynactis,7,polyp 4,2.67,0.3360073
12/4/23,23,10:45:00,1,3,E,13,Corynactis,7,polyp 5,3.725,0.533835625
12/4/23,23,10:45:00,1,3,E,13,Corynactis,7,polyp 6,3.925,0.5756056249999999
12/4/23,23,10:45:00,1,3,E,13,Corynactis,7,polyp 7,3.15,0.4213225
12/4/23,23,10:45:00,1,4,E,14,Corynactis,4,polyp 1,4.53,0.7102393
12/4/23,23,10:45:00,1,4,E,14,Corynactis,4,polyp 2,5.955,1.076528425
12/4/23,23,10:45:00,1,4,E,14,Corynactis,4,polyp 3,5.44,0.9361832000000001
12/4/23,23,10:45:00,1,4,E,14,Corynactis,4,polyp 4,3.75,0.5389824999999999
12/5/23,23,10:15:00,1,1,E,11,Corynactis,4,polyp 1,2.375,0.287460625
12/5/23,23,10:15:00,1,1,E,11,Corynactis,4,polyp 2,3.7,0.52871
12/5/23,23,10:15:00,1,1,E,11,Corynactis,4,polyp 3,4.1000000000000005,0.6132700000000002
12/5/23,23,10:15:00,1,1,E,11,Corynactis,4,polyp 4,4.154999999999999,0.6253224249999998
12/5/23,23,10:15:00,1,2,A,15,Corynactis,5,polyp 1,3.4099999999999997,0.4708056999999999
12/5/23,23,10:15:00,1,2,A,15,Corynactis,5,polyp 2,4.975,0.8172106249999999
12/5/23,23,10:15:00,1,2,A,15,Corynactis,5,polyp 3,5.835,1.043020825
12/5/23,23,10:15:00,1,2,A,15,Corynactis,5,polyp 4,3.6149999999999998,0.5114418249999999
12/5/23,23,10:15:00,1,2,A,15,Corynactis,5,polyp 5,4.8950000000000005,0.797483425
12/5/23,23,10:15:00,1,3,B,15,Corynactis,4,polyp 1,3.17,0.4250473
12/5/23,23,10:15:00,1,3,B,15,Corynactis,4,polyp 2,5.9350000000000005,1.070909825
12/5/23,23,10:15:00,1,3,B,15,Corynactis,4,polyp 3,5.13,0.8560513000000001
12/5/23,23,10:15:00,1,3,B,15,Corynactis,4,polyp 4,5.860000000000001,1.0499612000000003
12/5/23,23,10:15:00,1,4,E,15,Corynactis,3,polyp 1,3.305,0.450545425
12/5/23,23,10:15:00,1,4,E,15,Corynactis,3,polyp 2,2.71,0.3428177
12/5/23,23,10:15:00,1,4,E,15,Corynactis,3,polyp 3,2.2065,0.26105911825000006
12/6/23,23,12:00:00,1,1,B,12,Corynactis,5,polyp 1,6.955,1.3747984249999998
12/6/23,23,12:00:00,1,1,B,12,Corynactis,5,polyp 2,5.655,0.993677425
12/6/23,23,12:00:00,1,1,B,12,Corynactis,5,polyp 3,4.09,0.6110897
12/6/23,23,12:00:00,1,1,B,12,Corynactis,5,polyp 4,4.4350000000000005,0.6882748250000001
12/6/23,23,12:00:00,1,1,B,12,Corynactis,5,polyp 5,3.95,0.5809225
12/6/23,23,12:00:00,1,2,A,13,Corynactis,10,polyp 1,5.345,0.9112794249999999
12/6/23,23,12:00:00,1,2,A,13,Corynactis,10,polyp 10,3.14,0.4194652
12/6/23,23,12:00:00,1,2,A,13,Corynactis,10,polyp 2,5,0.82342
12/6/23,23,12:00:00,1,2,A,13,Corynactis,10,polyp 3,3.415,0.471779825
12/6/23,23,12:00:00,1,2,A,13,Corynactis,10,polyp 4,5.154999999999999,0.8623924249999998
12/6/23,23,12:00:00,1,2,A,13,Corynactis,10,polyp 5,5.035,0.832148825
12/6/23,23,12:00:00,1,2,A,13,Corynactis,10,polyp 6,6.445,1.218432425
12/6/23,23,12:00:00,1,2,A,13,Corynactis,10,polyp 7,5.13,0.8560513000000001
12/6/23,23,12:00:00,1,2,A,13,Corynactis,10,polyp 8,3.93,0.5766673
12/6/23,23,12:00:00,1,2,A,13,Corynactis,10,polyp 9,5.305,0.900885425
12/8/23,15,11:45:00,2,1,B,2,Corynactis,5,polyp 1,4.525,0.7090756250000001
12/8/23,15,11:45:00,2,1,B,2,Corynactis,5,polyp 2,5.91,1.0639057
12/8/23,15,11:45:00,2,1,B,2,Corynactis,5,polyp 3,3.6799999999999997,0.5246247999999999
12/8/23,15,11:45:00,2,1,B,2,Corynactis,5,polyp 4,4.3999999999999995,0.6802599999999999
12/8/23,15,11:45:00,2,1,B,2,Corynactis,5,polyp 5,4.58,0.7219228
12/8/23,15,11:45:00,2,2,A,3,Corynactis,6,polyp 1,4.035,0.5991588250000001
12/8/23,15,11:45:00,2,2,A,3,Corynactis,6,polyp 2,4.635,0.7348728249999998
12/8/23,15,11:45:00,2,2,A,3,Corynactis,6,polyp 3,4.9,0.7987100000000001
12/8/23,15,11:45:00,2,2,A,3,Corynactis,6,polyp 4,4.859999999999999,0.7889211999999999
12/8/23,15,11:45:00,2,2,A,3,Corynactis,6,polyp 5,5.735,1.015471825
12/8/23,15,11:45:00,2,2,A,3,Corynactis,6,polyp 6,3.9149999999999996,0.5734848249999999
12/8/23,15,11:45:00,2,3,B,3,Corynactis,8,polyp 1,3.205,0.431598425
12/8/23,15,11:45:00,2,3,B,3,Corynactis,8,polyp 2,4.54,0.7125691999999999
12/8/23,15,11:45:00,2,3,B,3,Corynactis,8,polyp 3,3.89,0.5681977
12/8/23,15,11:45:00,2,3,B,3,Corynactis,8,polyp 4,6.14,1.1291452
12/8/23,15,11:45:00,2,3,B,3,Corynactis,8,polyp 5,5.869999999999999,1.0527432999999997
12/8/23,15,11:45:00,2,3,B,3,Corynactis,8,polyp 6,4.234999999999999,0.6430368249999998
12/8/23,15,11:45:00,2,3,B,3,Corynactis,8,polyp 7,3.93,0.5766673
12/8/23,15,11:45:00,2,3,B,3,Corynactis,8,polyp 8,4.145,0.623123425
12/9/23,15,12:20:00,1,2,B,4,Corynactis,3,polyp 1,4.665,0.741979825
12/9/23,15,12:20:00,1,2,B,4,Corynactis,3,polyp 2,5.145,0.8598534249999998
12/9/23,15,12:20:00,1,2,B,4,Corynactis,3,polyp 3,3.8249999999999993,0.5545506249999999
12/9/23,15,12:20:00,1,3,A,5,Corynactis,7,polyp 1,4.375,0.674560625
12/9/23,15,12:20:00,1,3,A,5,Corynactis,7,polyp 2,5.0649999999999995,0.8396638249999999
12/9/23,15,12:20:00,1,3,A,5,Corynactis,7,polyp 3,3.415,0.471779825
12/9/23,15,12:20:00,1,3,A,5,Corynactis,7,polyp 4,4.995000000000001,0.8221764250000003
12/9/23,15,12:20:00,1,3,A,5,Corynactis,7,polyp 5,4.6,0.7266199999999999
12/9/23,15,12:20:00,1,4,B,5,Corynactis,3,polyp 1,4.185,0.6319398249999999
12/9/23,15,12:20:00,1,4,B,5,Corynactis,3,polyp 2,3.5550000000000006,0.49940042500000015
12/9/23,15,12:20:00,1,4,B,5,Corynactis,3,polyp 3,4.475,0.6974856249999999
12/9/23,15,12:20:00,2,1,A,1,Corynactis,6,polyp 1,4.45,0.6917225
12/9/23,15,12:20:00,2,1,A,1,Corynactis,6,polyp 2,5.41,0.9282857
12/9/23,15,12:20:00,2,1,A,1,Corynactis,6,polyp 3,3.85,0.5597825000000001
12/9/23,15,12:20:00,2,1,A,1,Corynactis,6,polyp 4,3.655,0.519537425
12/9/23,15,12:20:00,2,1,A,1,Corynactis,6,polyp 5,6.685,1.2909148249999998
12/9/23,15,12:20:00,2,1,A,1,Corynactis,6,polyp 6,3.815,0.552463825
12/9/23,15,12:20:00,2,2,B,1,Corynactis,5,polyp 1,3.695,0.527687425
12/9/23,15,12:20:00,2,2,B,1,Corynactis,5,polyp 2,5.840000000000001,1.0444072000000002
12/9/23,15,12:20:00,2,2,B,1,Corynactis,5,polyp 3,2.275,0.271675625
12/9/23,15,12:20:00,2,2,B,1,Corynactis,5,polyp 4,4.04,0.6002392
12/9/23,15,12:20:00,2,2,B,1,Corynactis,5,polyp 5,4.9350000000000005,0.8073198250000001
12/9/23,15,12:20:00,2,3,A,4,Corynactis,4,polyp 1,3.925,0.5756056249999999
12/9/23,15,12:20:00,2,3,A,4,Corynactis,4,polyp 2,3.89,0.5681977
12/9/23,15,12:20:00,2,3,A,4,Corynactis,4,polyp 3,6.455,1.2214134250000002
12/9/23,15,12:20:00,2,3,A,4,Corynactis,4,polyp 4,3.97,0.5851913
2/14/24,13.5,10:45:00,1,1,D,9,Corynactis,3,polyp 1,3.85,0.5597825000000001
2/14/24,13.5,10:45:00,1,1,D,9,Corynactis,3,polyp 2,3.255,0.441029425
2/14/24,13.5,10:45:00,1,1,D,9,Corynactis,3,polyp 3,2.5,0.30767
2/14/24,13.5,10:45:00,1,2,D,8,Corynactis,5,polyp 1,3.4350000000000005,0.4756848250000001
2/14/24,13.5,10:45:00,1,2,D,8,Corynactis,5,polyp 2,3.6399999999999997,0.5164951999999999
2/14/24,13.5,10:45:00,1,2,D,8,Corynactis,5,polyp 3,3.57,0.5023993
2/14/24,13.5,10:45:00,1,2,D,8,Corynactis,5,polyp 4,3.67,0.5225873
2/14/24,13.5,10:45:00,1,2,D,8,Corynactis,5,polyp 5,3.5599999999999996,0.5003991999999999
2/14/24,13.5,10:45:00,1,4,D,9,Corynactis,8,polyp 1,4.9399999999999995,0.8085531999999999
2/14/24,13.5,10:45:00,1,4,D,9,Corynactis,8,polyp 2,4.43,0.6871272999999999
2/14/24,13.5,10:45:00,1,4,D,9,Corynactis,8,polyp 3,3.71,0.5307577
2/14/24,13.5,10:45:00,1,4,D,9,Corynactis,8,polyp 4,4.7250000000000005,0.7562856250000001
2/14/24,13.5,10:45:00,1,4,D,9,Corynactis,8,polyp 5,4.74,0.7598812
2/14/24,13.5,10:45:00,1,4,D,9,Corynactis,8,polyp 6,4.415,0.6836898250000001
2/14/24,13.5,10:45:00,1,4,D,9,Corynactis,8,polyp 7,3.325,0.45437562500000006
2/14/24,13.5,10:45:00,1,4,D,9,Corynactis,8,polyp 8,3.065,0.405643825
2/14/24,13.5,10:45:00,2,1,D,7,Corynactis,3,polyp 1,2.7700000000000005,0.3531353000000001
2/14/24,13.5,10:45:00,2,1,D,7,Corynactis,3,polyp 2,4.260000000000001,0.6486172000000001
2/14/24,13.5,10:45:00,2,1,D,7,Corynactis,3,polyp 3,3.895,0.569253425
2/14/24,13.5,10:45:00,2,2,D,6,Corynactis,5,polyp 1,4.33,0.6643553
2/14/24,13.5,10:45:00,2,2,D,6,Corynactis,5,polyp 2,4.355,0.6700164250000001
2/14/24,13.5,10:45:00,2,2,D,6,Corynactis,5,polyp 3,3.3850000000000002,0.465947825
2/14/24,13.5,10:45:00,2,2,D,6,Corynactis,5,polyp 4,2.835,0.36445082500000003
2/14/24,13.5,10:45:00,2,2,D,6,Corynactis,5,polyp 5,3.51,0.4904496999999999
2/14/24,13.5,10:45:00,2,3,D,10,Corynactis,5,polyp 1,3.225,0.43536062499999995
2/14/24,13.5,10:45:00,2,3,D,10,Corynactis,5,polyp 2,3.65,0.5185225
2/14/24,13.5,10:45:00,2,3,D,10,Corynactis,5,polyp 3,3.66,0.5205532
2/14/24,13.5,10:45:00,2,3,D,10,Corynactis,5,polyp 4,3.025,0.39835062499999996
2/14/24,13.5,10:45:00,2,3,D,10,Corynactis,5,polyp 5,4.045,0.6013204249999999
2/14/24,13.5,10:45:00,2,4,D,8,Corynactis,6,polyp 1,3.81,0.5514217
2/14/24,13.5,10:45:00,2,4,D,8,Corynactis,6,polyp 2,1.28,0.1331368
2/14/24,13.5,10:45:00,2,4,D,8,Corynactis,6,polyp 3,3.88,0.5660888
2/14/24,13.5,10:45:00,2,4,D,8,Corynactis,6,polyp 4,3.9400000000000004,0.5787932
2/14/24,13.5,10:45:00,2,4,D,8,Corynactis,6,polyp 5,4.525,0.7090756250000001
2/14/24,13.5,10:45:00,2,4,D,8,Corynactis,6,polyp 6,4.84,0.7840471999999999
2/14/24,13.5,16:00:00,1,1,C,7,Corynactis,4,polyp 1,4.545,0.713735425
2/14/24,13.5,16:00:00,1,1,C,7,Corynactis,4,polyp 2,3.035,0.40016882500000006
2/14/24,13.5,16:00:00,1,1,C,7,Corynactis,4,polyp 3,5.03,0.8308993
2/14/24,13.5,16:00:00,1,1,C,7,Corynactis,4,polyp 4,3.5150000000000006,0.4914408250000001
2/14/24,13.5,16:00:00,1,2,C,9,Corynactis,6,polyp 1,4.765000000000001,0.7658908250000002
2/14/24,13.5,16:00:00,1,2,C,9,Corynactis,6,polyp 2,5.595,0.9774744249999998
2/14/24,13.5,16:00:00,1,2,C,9,Corynactis,6,polyp 3,3.4350000000000005,0.4756848250000001
2/14/24,13.5,16:00:00,1,2,C,9,Corynactis,6,polyp 4,4.449999999999999,0.6917224999999998
2/14/24,13.5,16:00:00,1,2,C,9,Corynactis,6,polyp 5,4.074999999999999,0.6078256249999998
2/14/24,13.5,16:00:00,1,2,C,9,Corynactis,6,polyp 6,2.71,0.3428177
2/14/24,13.5,16:00:00,1,4,C,10,Corynactis,6,polyp 1,5.44,0.9361832000000001
2/14/24,13.5,16:00:00,1,4,C,10,Corynactis,6,polyp 2,4.34,0.6666171999999999
2/14/24,13.5,16:00:00,1,4,C,10,Corynactis,6,polyp 3,4.7250000000000005,0.7562856250000001
2/14/24,13.5,16:00:00,1,4,C,10,Corynactis,6,polyp 4,2.955,0.385718425
2/14/24,13.5,16:00:00,1,4,C,10,Corynactis,6,polyp 5,4.210000000000001,0.6374777000000001
2/14/24,13.5,16:00:00,1,4,C,10,Corynactis,6,polyp 6,3.25,0.4400825
2/14/24,13.5,16:00:00,2,1,C,10,Corynactis,5,polyp 1,3.4899999999999998,0.4864936999999999
2/14/24,13.5,16:00:00,2,1,C,10,Corynactis,5,polyp 2,4.325,0.663225625
2/14/24,13.5,16:00:00,2,1,C,10,Corynactis,5,polyp 3,2.7249999999999996,0.3453856249999999
2/14/24,13.5,16:00:00,2,1,C,10,Corynactis,5,polyp 4,4.1049999999999995,0.6143614249999998
2/14/24,13.5,16:00:00,2,1,C,10,Corynactis,5,polyp 5,4.23,0.6419233000000001
2/14/24,13.5,16:00:00,2,2,C,6,Corynactis,3,polyp 1,3.96,0.5830552
2/14/24,13.5,16:00:00,2,2,C,6,Corynactis,3,polyp 2,4.6,0.7266199999999999
2/14/24,13.5,16:00:00,2,2,C,6,Corynactis,3,polyp 3,3.6250000000000004,0.513460625
2/14/24,13.5,16:00:00,2,3,C,8,Corynactis,4,polyp 1,2.585,0.321715825
2/14/24,13.5,16:00:00,2,3,C,8,Corynactis,4,polyp 2,4.050000000000001,0.6024025000000002
2/14/24,13.5,16:00:00,2,3,C,8,Corynactis,4,polyp 3,4.745,0.761081425
2/14/24,13.5,16:00:00,2,3,C,8,Corynactis,4,polyp 4,4.265,0.6497358249999998
2/14/24,13.5,16:00:00,2,4,C,9,Corynactis,4,polyp 1,4.24,0.6441512
2/14/24,13.5,16:00:00,2,4,C,9,Corynactis,4,polyp 2,5.02,0.8284027999999999
2/14/24,13.5,16:00:00,2,4,C,9,Corynactis,4,polyp 3,2.925,0.380355625
2/14/24,13.5,16:00:00,2,4,C,9,Corynactis,4,polyp 4,3.795,0.548300425
2/15/24,13.5,09:20:00,1,1,C,11,Corynactis,3,polyp 1,3.5549999999999997,0.4994004249999999
2/15/24,13.5,09:20:00,1,1,C,11,Corynactis,3,polyp 2,4.025,0.5970006250000001
2/15/24,13.5,09:20:00,1,1,C,11,Corynactis,3,polyp 3,4.3500000000000005,0.6688825
2/15/24,13.5,09:20:00,1,2,C,11,Corynactis,7,polyp 1,4.985,0.819691825
2/15/24,13.5,09:20:00,1,2,C,11,Corynactis,7,polyp 2,3.76,0.5410472
2/15/24,13.5,09:20:00,1,2,C,11,Corynactis,7,polyp 3,4.875,0.7925856250000001
2/15/24,13.5,09:20:00,1,2,C,11,Corynactis,7,polyp 4,5.1049999999999995,0.8497314249999999
2/15/24,13.5,09:20:00,1,2,C,11,Corynactis,7,polyp 5,4.255,0.6474994249999999
2/15/24,13.5,09:20:00,1,2,C,11,Corynactis,7,polyp 6,4.265,0.6497358249999998
2/15/24,13.5,09:20:00,1,2,C,11,Corynactis,7,polyp 7,4.52,0.7079127999999999
2/15/24,13.5,09:20:00,1,4,C,14,Corynactis,3,polyp 1,3.75,0.5389824999999999
2/15/24,13.5,09:20:00,1,4,C,14,Corynactis,3,polyp 2,3.71,0.5307577
2/15/24,13.5,09:20:00,1,4,C,14,Corynactis,3,polyp 3,3.27,0.4438753
2/15/24,13.5,09:20:00,2,1,C,14,Corynactis,5,polyp 1,3.5150000000000006,0.4914408250000001
2/15/24,13.5,09:20:00,2,1,C,14,Corynactis,5,polyp 2,3.455,0.47960342499999997
2/15/24,13.5,09:20:00,2,1,C,14,Corynactis,5,polyp 3,4.07,0.6067393000000001
2/15/24,13.5,09:20:00,2,1,C,14,Corynactis,5,polyp 4,2.0700000000000003,0.24037930000000005
2/15/24,13.5,09:20:00,2,1,C,14,Corynactis,5,polyp 5,3.87,0.5639833000000001
2/15/24,13.5,09:20:00,2,2,C,13,Corynactis,3,polyp 1,4.46,0.6940252
2/15/24,13.5,09:20:00,2,2,C,13,Corynactis,3,polyp 2,4.529999999999999,0.7102392999999998
2/15/24,13.5,09:20:00,2,2,C,13,Corynactis,3,polyp 3,4.295,0.6564654249999999
2/15/24,13.5,09:20:00,2,3,C,12,Corynactis,4,polyp 1,3.55,0.49840249999999997
2/15/24,13.5,09:20:00,2,3,C,12,Corynactis,4,polyp 2,5.175000000000001,0.8674806250000002
2/15/24,13.5,09:20:00,2,3,C,12,Corynactis,4,polyp 3,4.57,0.7195793
2/15/24,13.5,09:20:00,2,3,C,12,Corynactis,4,polyp 4,4.85,0.7864825
2/15/24,13.5,09:20:00,2,4,C,15,Corynactis,3,polyp 1,3.67,0.5225873
2/15/24,13.5,09:20:00,2,4,C,15,Corynactis,3,polyp 2,2.595,0.32338442500000003
2/15/24,13.5,09:20:00,2,4,C,15,Corynactis,3,polyp 3,5,0.82342
2/15/24,13.5,13:45:00,1,1,C,2,Corynactis,3,polyp 1,6.305000000000001,1.1770554250000003
2/15/24,13.5,13:45:00,1,1,C,2,Corynactis,3,polyp 2,4.185,0.6319398249999999
2/15/24,13.5,13:45:00,1,1,C,2,Corynactis,3,polyp 3,4.43,0.6871272999999999
2/15/24,13.5,13:45:00,1,2,C,3,Corynactis,6,polyp 1,3.695,0.527687425
2/15/24,13.5,13:45:00,1,2,C,3,Corynactis,6,polyp 2,3.525,0.493425625
2/15/24,13.5,13:45:00,1,2,C,3,Corynactis,6,polyp 3,3.0149999999999997,0.39653582499999995
2/15/24,13.5,13:45:00,1,2,C,3,Corynactis,6,polyp 4,3.3699999999999997,0.46304329999999994
2/15/24,13.5,13:45:00,1,2,C,3,Corynactis,6,polyp 5,4.405,0.6814024249999999
2/15/24,13.5,13:45:00,1,2,C,3,Corynactis,6,polyp 6,4.34,0.6666171999999999
2/15/24,13.5,13:45:00,1,4,C,5,Corynactis,5,polyp 1,4.905,0.799937425
2/15/24,13.5,13:45:00,1,4,C,5,Corynactis,5,polyp 2,3.215,0.43347782499999993
2/15/24,13.5,13:45:00,1,4,C,5,Corynactis,5,polyp 3,4.96,0.8134952
2/15/24,13.5,13:45:00,1,4,C,5,Corynactis,5,polyp 4,3.96,0.5830552
2/15/24,13.5,13:45:00,1,4,C,5,Corynactis,5,polyp 5,5.205,0.8751384249999999
2/15/24,13.5,13:45:00,2,1,C,4,Corynactis,3,polyp 1,4.875,0.7925856250000001
2/15/24,13.5,13:45:00,2,1,C,4,Corynactis,3,polyp 2,4.12,0.6176408
2/15/24,13.5,13:45:00,2,1,C,4,Corynactis,3,polyp 3,6.595,1.2635044249999998
2/15/24,13.5,13:45:00,2,2,C,1,Corynactis,3,polyp 1,4.265,0.6497358249999998
2/15/24,13.5,13:45:00,2,2,C,1,Corynactis,3,polyp 2,5.605,0.9801664250000001
2/15/24,13.5,13:45:00,2,2,C,1,Corynactis,3,polyp 3,5.345,0.9112794249999999
2/15/24,13.5,13:45:00,2,3,C,3,Corynactis,5,polyp 1,5.75,1.0195824999999998
2/15/24,13.5,13:45:00,2,3,C,3,Corynactis,5,polyp 2,3.9000000000000004,0.5703100000000001
2/15/24,13.5,13:45:00,2,3,C,3,Corynactis,5,polyp 3,5.164999999999999,0.8649348249999997
2/15/24,13.5,13:45:00,2,3,C,3,Corynactis,5,polyp 4,3.9849999999999994,0.5884018249999998
2/15/24,13.5,13:45:00,2,3,C,3,Corynactis,5,polyp 5,4.569999999999999,0.7195792999999999
2/15/24,13.5,13:45:00,2,4,C,5,Corynactis,3,polyp 1,3.795,0.548300425
2/15/24,13.5,13:45:00,2,4,C,5,Corynactis,3,polyp 2,5.065,0.8396638250000001
2/15/24,13.5,13:45:00,2,4,C,5,Corynactis,3,polyp 3,4.405,0.6814024249999999
2/16/24,13.5,09:30:00,1,1,A,15,Corynactis,3,polyp 1,3.785,0.546223825
2/16/24,13.5,09:30:00,1,1,A,15,Corynactis,3,polyp 2,3.165,0.424114825
2/16/24,13.5,09:30:00,1,1,A,15,Corynactis,3,polyp 3,2.885,0.37325282499999995
2/16/24,13.5,09:30:00,1,2,A,11,Corynactis,4,polyp 1,3.185,0.427849825
2/16/24,13.5,09:30:00,1,2,A,11,Corynactis,4,polyp 2,4.455,0.692873425
2/16/24,13.5,09:30:00,1,2,A,11,Corynactis,4,polyp 3,3.4000000000000004,0.46886000000000005
2/16/24,13.5,09:30:00,1,2,A,11,Corynactis,4,polyp 4,3.23,0.43630329999999995
2/16/24,13.5,09:30:00,1,4,A,12,Corynactis,3,polyp 1,3.9250000000000003,0.5756056250000001
2/16/24,13.5,09:30:00,1,4,A,12,Corynactis,3,polyp 2,4.295,0.6564654249999999
2/16/24,13.5,09:30:00,1,4,A,12,Corynactis,3,polyp 3,4.01,0.5937697
2/16/24,13.5,09:30:00,2,1,A,14,Corynactis,3,polyp 1,2.58,0.3208828
2/16/24,13.5,09:30:00,2,1,A,14,Corynactis,3,polyp 2,3.23,0.43630329999999995
2/16/24,13.5,09:30:00,2,1,A,14,Corynactis,3,polyp 3,3.38,0.4649787999999999
2/16/24,13.5,09:30:00,2,2,A,13,Corynactis,8,polyp 1,4.0249999999999995,0.597000625
2/16/24,13.5,09:30:00,2,2,A,13,Corynactis,8,polyp 2,5.115,0.852256825
2/16/24,13.5,09:30:00,2,2,A,13,Corynactis,8,polyp 3,3.815,0.552463825
2/16/24,13.5,09:30:00,2,2,A,13,Corynactis,8,polyp 4,2.6100000000000003,0.32589370000000006
2/16/24,13.5,09:30:00,2,2,A,13,Corynactis,8,polyp 5,3.4799999999999995,0.4845207999999999
2/16/24,13.5,09:30:00,2,2,A,13,Corynactis,8,polyp 6,3.175,0.42598062499999995
2/16/24,13.5,09:30:00,2,2,A,13,Corynactis,8,polyp 7,3.705,0.529733425
2/16/24,13.5,09:30:00,2,2,A,13,Corynactis,8,polyp 8,3.2350000000000003,0.43724682500000006
2/16/24,13.5,09:30:00,2,3,A,11,Corynactis,4,polyp 1,4.515000000000001,0.7067508250000001
2/16/24,13.5,09:30:00,2,3,A,11,Corynactis,4,polyp 2,4.45,0.6917225
2/16/24,13.5,09:30:00,2,3,A,11,Corynactis,4,polyp 3,3.6399999999999997,0.5164951999999999
2/16/24,13.5,09:30:00,2,3,A,11,Corynactis,4,polyp 4,3.4350000000000005,0.4756848250000001
2/16/24,13.5,09:30:00,2,4,A,12,Corynactis,6,polyp 1,6.154999999999999,1.1334624249999998
2/16/24,13.5,09:30:00,2,4,A,12,Corynactis,6,polyp 2,4.290000000000001,0.6553417000000001
2/16/24,13.5,09:30:00,2,4,A,12,Corynactis,6,polyp 3,4.03,0.5980793000000001
2/16/24,13.5,09:30:00,2,4,A,12,Corynactis,6,polyp 4,4.415,0.6836898250000001
2/16/24,13.5,09:30:00,2,4,A,12,Corynactis,6,polyp 5,3.9000000000000004,0.5703100000000001
2/16/24,13.5,09:30:00,2,4,A,12,Corynactis,6,polyp 6,4.015,0.5948458249999999
2/16/24,13.5,15:00:00,1,1,D,2,Corynactis,4,polyp 1,6.01,1.0920497
2/16/24,13.5,15:00:00,1,1,D,2,Corynactis,4,polyp 2,5.89,1.0583177
2/16/24,13.5,15:00:00,1,1,D,2,Corynactis,4,polyp 3,5.055000000000001,0.8371554250000002
2/16/24,13.5,15:00:00,1,1,D,2,Corynactis,4,polyp 4,4.765000000000001,0.7658908250000002
2/16/24,13.5,15:00:00,1,2,D,1,Corynactis,3,polyp 1,5.794999999999999,1.0319604249999998
2/16/24,13.5,15:00:00,1,2,D,1,Corynactis,3,polyp 2,6.545000000000001,1.2483954250000002
2/16/24,13.5,15:00:00,1,2,D,1,Corynactis,3,polyp 3,5.695,1.0045474250000002
2/16/24,13.5,15:00:00,1,4,D,5,Corynactis,6,polyp 1,4.545,0.713735425
2/16/24,13.5,15:00:00,1,4,D,5,Corynactis,6,polyp 2,4.050000000000001,0.6024025000000002
2/16/24,13.5,15:00:00,1,4,D,5,Corynactis,6,polyp 3,4.4,0.6802600000000001
2/16/24,13.5,15:00:00,1,4,D,5,Corynactis,6,polyp 4,1.3900000000000001,0.1467977
2/16/24,13.5,15:00:00,1,4,D,5,Corynactis,6,polyp 5,4.125,0.618735625
2/16/24,13.5,15:00:00,1,4,D,5,Corynactis,6,polyp 6,4.859999999999999,0.7889211999999999
2/16/24,13.5,15:00:00,2,1,D,3,Corynactis,4,polyp 1,4.355,0.6700164250000001
2/16/24,13.5,15:00:00,2,1,D,3,Corynactis,4,polyp 2,3.0149999999999997,0.39653582499999995
2/16/24,13.5,15:00:00,2,1,D,3,Corynactis,4,polyp 3,4.8,0.77434
2/16/24,13.5,15:00:00,2,1,D,3,Corynactis,4,polyp 4,3.285,0.446728825
2/16/24,13.5,15:00:00,2,2,D,4,Corynactis,5,polyp 1,4.0649999999999995,0.6056538249999999
2/16/24,13.5,15:00:00,2,2,D,4,Corynactis,5,polyp 2,2.9299999999999997,0.38124729999999996
2/16/24,13.5,15:00:00,2,2,D,4,Corynactis,5,polyp 3,3.9449999999999994,0.5798574249999999
2/16/24,13.5,15:00:00,2,2,D,4,Corynactis,5,polyp 4,2.465,0.30195782499999996
2/16/24,13.5,15:00:00,2,2,D,4,Corynactis,5,polyp 5,4.859999999999999,0.7889211999999999
2/16/24,13.5,15:00:00,2,3,D,5,Corynactis,5,polyp 1,4.11,0.6154537
2/16/24,13.5,15:00:00,2,3,D,5,Corynactis,5,polyp 2,3.74,0.5369212
2/16/24,13.5,15:00:00,2,3,D,5,Corynactis,5,polyp 3,3.7199999999999998,0.5328088
2/16/24,13.5,15:00:00,2,3,D,5,Corynactis,5,polyp 4,3.1,0.41207000000000005
2/16/24,13.5,15:00:00,2,3,D,5,Corynactis,5,polyp 5,5.855,1.0485714250000002
2/16/24,13.5,15:00:00,2,4,D,1,Corynactis,5,polyp 1,4.44,0.6894232
2/16/24,13.5,15:00:00,2,4,D,1,Corynactis,5,polyp 2,3.795,0.548300425
2/16/24,13.5,15:00:00,2,4,D,1,Corynactis,5,polyp 3,5.164999999999999,0.8649348249999997
2/16/24,13.5,15:00:00,2,4,D,1,Corynactis,5,polyp 4,5.965,1.079342825
2/16/24,13.5,15:00:00,2,4,D,1,Corynactis,5,polyp 5,3.925,0.5756056249999999
2/17/24,13.5,09:00:00,1,1,A,6,Corynactis,5,polyp 1,4.03,0.5980793000000001
2/17/24,13.5,09:00:00,1,1,A,6,Corynactis,5,polyp 2,4.89,0.7962577
2/17/24,13.5,09:00:00,1,1,A,6,Corynactis,5,polyp 3,4.699999999999999,0.7503099999999998
2/17/24,13.5,09:00:00,1,1,A,6,Corynactis,5,polyp 4,3.2299999999999995,0.4363032999999999
2/17/24,13.5,09:00:00,1,1,A,6,Corynactis,5,polyp 5,4.32,0.6620968
2/17/24,13.5,09:00:00,1,2,A,9,Corynactis,6,polyp 1,3.9450000000000003,0.5798574249999999
2/17/24,13.5,09:00:00,1,2,A,9,Corynactis,6,polyp 2,2.41,0.2930657
2/17/24,13.5,09:00:00,1,2,A,9,Corynactis,6,polyp 3,4.085,0.610000825
2/17/24,13.5,09:00:00,1,2,A,9,Corynactis,6,polyp 4,5.095000000000001,0.8472094250000002
2/17/24,13.5,09:00:00,1,2,A,9,Corynactis,6,polyp 5,4.5,0.70327
2/17/24,13.5,09:00:00,1,2,A,9,Corynactis,6,polyp 6,3.57,0.5023993
2/17/24,13.5,09:00:00,1,4,A,7,Corynactis,4,polyp 1,2.425,0.295480625
2/17/24,13.5,09:00:00,1,4,A,7,Corynactis,4,polyp 2,2.39,0.2898577
2/17/24,13.5,09:00:00,1,4,A,7,Corynactis,4,polyp 3,2.52,0.31095280000000003
2/17/24,13.5,09:00:00,1,4,A,7,Corynactis,4,polyp 4,2.925,0.380355625
2/17/24,13.5,09:00:00,2,1,A,8,Corynactis,4,polyp 1,3.25,0.4400825
2/17/24,13.5,09:00:00,2,1,A,8,Corynactis,4,polyp 2,3.2399999999999993,0.43819119999999984
2/17/24,13.5,09:00:00,2,1,A,8,Corynactis,4,polyp 3,3.4499999999999997,0.4786224999999999
2/17/24,13.5,09:00:00,2,1,A,8,Corynactis,4,polyp 4,4.38,0.6756987999999999
2/17/24,13.5,09:00:00,2,2,A,7,Corynactis,8,polyp 1,3.255,0.441029425
2/17/24,13.5,09:00:00,2,2,A,7,Corynactis,8,polyp 2,4.12,0.6176408
2/17/24,13.5,09:00:00,2,2,A,7,Corynactis,8,polyp 3,4.26,0.6486171999999999
2/17/24,13.5,09:00:00,2,2,A,7,Corynactis,8,polyp 4,3.2199999999999998,0.4344187999999999
2/17/24,13.5,09:00:00,2,2,A,7,Corynactis,8,polyp 5,3.66,0.5205532
2/17/24,13.5,09:00:00,2,2,A,7,Corynactis,8,polyp 6,4.0200000000000005,0.5959228000000001
2/17/24,13.5,09:00:00,2,2,A,7,Corynactis,8,polyp 7,4.895,0.7974834249999999
2/17/24,13.5,09:00:00,2,2,A,7,Corynactis,8,polyp 8,2.8249999999999997,0.362700625
2/17/24,13.5,09:00:00,2,3,A,10,Corynactis,4,polyp 1,3.165,0.424114825
2/17/24,13.5,09:00:00,2,3,A,10,Corynactis,4,polyp 2,2.4,0.29146
2/17/24,13.5,09:00:00,2,3,A,10,Corynactis,4,polyp 3,2.405,0.29226242499999994
2/17/24,13.5,09:00:00,2,3,A,10,Corynactis,4,polyp 4,4.5200000000000005,0.7079128000000001
2/17/24,13.5,09:00:00,2,4,A,9,Corynactis,4,polyp 1,2.3449999999999998,0.28268942499999994
2/17/24,13.5,09:00:00,2,4,A,9,Corynactis,4,polyp 2,3.41,0.4708057
2/17/24,13.5,09:00:00,2,4,A,9,Corynactis,4,polyp 3,4,0.59162
2/17/24,13.5,09:00:00,2,4,A,9,Corynactis,4,polyp 4,3.3099999999999996,0.4515016999999999
2/17/24,13.5,14:30:00,1,1,E,8,Corynactis,3,polyp 1,3.9549999999999996,0.5819884249999998
2/17/24,13.5,14:30:00,1,1,E,8,Corynactis,3,polyp 2,3.745,0.5379514249999999
2/17/24,13.5,14:30:00,1,1,E,8,Corynactis,3,polyp 3,2.8949999999999996,0.3750234249999999
2/17/24,13.5,14:30:00,1,2,E,7,Corynactis,4,polyp 1,3.7199999999999998,0.5328088
2/17/24,13.5,14:30:00,1,2,E,7,Corynactis,4,polyp 2,3.755,0.540014425
2/17/24,13.5,14:30:00,1,2,E,7,Corynactis,4,polyp 3,2.7300000000000004,0.34624330000000003
2/17/24,13.5,14:30:00,1,2,E,7,Corynactis,4,polyp 4,3.61,0.5104337
2/17/24,13.5,14:30:00,1,4,E,6,Corynactis,6,polyp 1,4.115,0.616546825
2/17/24,13.5,14:30:00,1,4,E,6,Corynactis,6,polyp 2,2.9099999999999997,0.3776856999999999
2/17/24,13.5,14:30:00,1,4,E,6,Corynactis,6,polyp 3,3.61,0.5104337
2/17/24,13.5,14:30:00,1,4,E,6,Corynactis,6,polyp 4,3.81,0.5514217
2/17/24,13.5,14:30:00,1,4,E,6,Corynactis,6,polyp 5,3.545,0.49740542499999996
2/17/24,13.5,14:30:00,1,4,E,6,Corynactis,6,polyp 6,4.985,0.819691825
2/17/24,13.5,14:30:00,2,1,E,10,Corynactis,4,polyp 1,4.36,0.6711512
2/17/24,13.5,14:30:00,2,1,E,10,Corynactis,4,polyp 2,4.12,0.6176408
2/17/24,13.5,14:30:00,2,1,E,10,Corynactis,4,polyp 3,2.7600000000000002,0.35140720000000003
2/17/24,13.5,14:30:00,2,1,E,10,Corynactis,4,polyp 4,4.565,0.718408825
2/17/24,13.5,14:30:00,2,2,E,6,Corynactis,3,polyp 1,2.49,0.3060337
2/17/24,13.5,14:30:00,2,2,E,6,Corynactis,3,polyp 2,3.115,0.4148368250000001
2/17/24,13.5,14:30:00,2,2,E,6,Corynactis,3,polyp 3,3.3400000000000003,0.45725720000000003
2/17/24,13.5,14:30:00,2,3,E,9,Corynactis,7,polyp 1,3.7,0.52871
2/17/24,13.5,14:30:00,2,3,E,9,Corynactis,7,polyp 2,3.1,0.41207000000000005
2/17/24,13.5,14:30:00,2,3,E,9,Corynactis,7,polyp 3,3.8249999999999993,0.5545506249999999
2/17/24,13.5,14:30:00,2,3,E,9,Corynactis,7,polyp 4,3.25,0.4400825
2/17/24,13.5,14:30:00,2,3,E,9,Corynactis,7,polyp 5,4.005,0.5926944249999999
2/17/24,13.5,14:30:00,2,3,E,9,Corynactis,7,polyp 6,3.185,0.427849825
2/17/24,13.5,14:30:00,2,3,E,9,Corynactis,7,polyp 7,4.09,0.6110897
2/17/24,13.5,14:30:00,2,4,E,7,Corynactis,4,polyp 1,3.205,0.431598425
2/17/24,13.5,14:30:00,2,4,E,7,Corynactis,4,polyp 2,4.8,0.77434
2/17/24,13.5,14:30:00,2,4,E,7,Corynactis,4,polyp 3,3.855,0.5608314249999999
2/17/24,13.5,14:30:00,2,4,E,7,Corynactis,4,polyp 4,3.4799999999999995,0.4845207999999999
2/18/24,13.5,10:15:00,1,1,B,12,Corynactis,4,polyp 1,5.275,0.893125625
2/18/24,13.5,10:15:00,1,1,B,12,Corynactis,4,polyp 2,3.895,0.569253425
2/18/24,13.5,10:15:00,1,1,B,12,Corynactis,4,polyp 3,4.085,0.610000825
2/18/24,13.5,10:15:00,1,1,B,12,Corynactis,4,polyp 4,3.335,0.456295825
2/18/24,13.5,10:15:00,1,2,B,14,Corynactis,5,polyp 1,4.805000000000001,0.775550425
2/18/24,13.5,10:15:00,1,2,B,14,Corynactis,5,polyp 2,3.495,0.487481425
2/18/24,13.5,10:15:00,1,2,B,14,Corynactis,5,polyp 3,4.3149999999999995,0.6609688249999999
2/18/24,13.5,10:15:00,1,2,B,14,Corynactis,5,polyp 4,4.52,0.7079127999999999
2/18/24,13.5,10:15:00,1,2,B,14,Corynactis,5,polyp 5,3.83,0.5555953
2/18/24,13.5,10:15:00,1,4,B,12,Corynactis,3,polyp 1,2.23,0.2646833
2/18/24,13.5,10:15:00,1,4,B,12,Corynactis,3,polyp 2,4.575,0.720750625
2/18/24,13.5,10:15:00,1,4,B,12,Corynactis,3,polyp 3,4.005,0.5926944249999999
2/18/24,13.5,10:15:00,2,1,B,14,Corynactis,5,polyp 1,4.655,0.739607425
2/18/24,13.5,10:15:00,2,1,B,14,Corynactis,5,polyp 2,5.01,0.8259097
2/18/24,13.5,10:15:00,2,1,B,14,Corynactis,5,polyp 3,3.2,0.43066000000000004
2/18/24,13.5,10:15:00,2,1,B,14,Corynactis,5,polyp 4,3.57,0.5023993
2/18/24,13.5,10:15:00,2,1,B,14,Corynactis,5,polyp 5,3.76,0.5410472
2/18/24,13.5,10:15:00,2,2,B,15,Corynactis,4,polyp 1,3.38,0.4649787999999999
2/18/24,13.5,10:15:00,2,2,B,15,Corynactis,4,polyp 2,3.59,0.5064097
2/18/24,13.5,10:15:00,2,2,B,15,Corynactis,4,polyp 3,3.535,0.495413825
2/18/24,13.5,10:15:00,2,2,B,15,Corynactis,4,polyp 4,4.569999999999999,0.7195792999999999
2/18/24,13.5,10:15:00,2,3,B,13,Corynactis,5,polyp 1,4.825,0.780400625
2/18/24,13.5,10:15:00,2,3,B,13,Corynactis,5,polyp 2,5.055000000000001,0.8371554250000002
2/18/24,13.5,10:15:00,2,3,B,13,Corynactis,5,polyp 3,4.355,0.6700164250000001
2/18/24,13.5,10:15:00,2,3,B,13,Corynactis,5,polyp 4,4.165,0.6275248250000001
2/18/24,13.5,10:15:00,2,3,B,13,Corynactis,5,polyp 5,3.5549999999999997,0.4994004249999999
2/18/24,13.5,10:15:00,2,4,B,11,Corynactis,4,polyp 1,4.355,0.6700164250000001
2/18/24,13.5,10:15:00,2,4,B,11,Corynactis,4,polyp 2,5.03,0.8308993
2/18/24,13.5,10:15:00,2,4,B,11,Corynactis,4,polyp 3,5.17,0.8662072999999999
2/18/24,13.5,10:15:00,2,4,B,11,Corynactis,4,polyp 4,4.6450000000000005,0.7372384250000001
2/18/24,13.5,15:40:00,1,1,D,13,Corynactis,5,polyp 1,5.525,0.958725625
2/18/24,13.5,15:40:00,1,1,D,13,Corynactis,5,polyp 2,3.3150000000000004,0.45245882500000006
2/18/24,13.5,15:40:00,1,1,D,13,Corynactis,5,polyp 3,3.505,0.48945942499999995
2/18/24,13.5,15:40:00,1,1,D,13,Corynactis,5,polyp 4,3.785,0.546223825
2/18/24,13.5,15:40:00,1,1,D,13,Corynactis,5,polyp 5,2.925,0.380355625
2/18/24,13.5,15:40:00,1,2,D,12,Corynactis,11,polyp 1,3.6399999999999997,0.5164951999999999
2/18/24,13.5,15:40:00,1,2,D,12,Corynactis,11,polyp 10,3.535,0.495413825
2/18/24,13.5,15:40:00,1,2,D,12,Corynactis,11,polyp 11,3.18,0.4269148
2/18/24,13.5,15:40:00,1,2,D,12,Corynactis,11,polyp 2,4.699999999999999,0.7503099999999998
2/18/24,13.5,15:40:00,1,2,D,12,Corynactis,11,polyp 3,3.4549999999999996,0.47960342499999986
2/18/24,13.5,15:40:00,1,2,D,12,Corynactis,11,polyp 4,3.655,0.519537425
2/18/24,13.5,15:40:00,1,2,D,12,Corynactis,11,polyp 5,4.505,0.7044294249999999
2/18/24,13.5,15:40:00,1,2,D,12,Corynactis,11,polyp 6,4.88,0.7938087999999999
2/18/24,13.5,15:40:00,1,2,D,12,Corynactis,11,polyp 7,4.0249999999999995,0.597000625
2/18/24,13.5,15:40:00,1,2,D,12,Corynactis,11,polyp 8,3.34,0.4572572
2/18/24,13.5,15:40:00,1,2,D,12,Corynactis,11,polyp 9,4.44,0.6894232
2/18/24,13.5,15:40:00,1,4,D,13,Corynactis,4,polyp 1,4,0.59162
2/18/24,13.5,15:40:00,1,4,D,13,Corynactis,4,polyp 2,2.9899999999999998,0.39201369999999996
2/18/24,13.5,15:40:00,1,4,D,13,Corynactis,4,polyp 3,4.135,0.6209278249999999
2/18/24,13.5,15:40:00,1,4,D,13,Corynactis,4,polyp 4,3.07,0.40655929999999996
2/18/24,13.5,15:40:00,2,1,D,11,Corynactis,8,polyp 1,5.025,0.829650625
2/18/24,13.5,15:40:00,2,1,D,11,Corynactis,8,polyp 2,3.975,0.586260625
2/18/24,13.5,15:40:00,2,1,D,11,Corynactis,8,polyp 3,2.8100000000000005,0.36008170000000006
2/18/24,13.5,15:40:00,2,1,D,11,Corynactis,8,polyp 4,5.27,0.8918352999999999
2/18/24,13.5,15:40:00,2,1,D,11,Corynactis,8,polyp 5,4.575,0.720750625
2/18/24,13.5,15:40:00,2,1,D,11,Corynactis,8,polyp 6,2.195,0.259292425
2/18/24,13.5,15:40:00,2,1,D,11,Corynactis,8,polyp 7,3.46,0.4805852
2/18/24,13.5,15:40:00,2,1,D,11,Corynactis,8,polyp 8,4.715,0.753892825
2/18/24,13.5,15:40:00,2,2,D,15,Corynactis,3,polyp 1,3.635,0.5154828249999999
2/18/24,13.5,15:40:00,2,2,D,15,Corynactis,3,polyp 2,2.75,0.3496825
2/18/24,13.5,15:40:00,2,2,D,15,Corynactis,3,polyp 3,4.915,0.8023948249999999
2/18/24,13.5,15:40:00,2,3,D,14,Corynactis,8,polyp 1,3.795,0.548300425
2/18/24,13.5,15:40:00,2,3,D,14,Corynactis,8,polyp 2,4.375,0.674560625
2/18/24,13.5,15:40:00,2,3,D,14,Corynactis,8,polyp 3,4.04,0.6002392
2/18/24,13.5,15:40:00,2,3,D,14,Corynactis,8,polyp 4,3.8949999999999996,0.5692534249999999
2/18/24,13.5,15:40:00,2,3,D,14,Corynactis,8,polyp 5,1.2650000000000001,0.13130582500000001
2/18/24,13.5,15:40:00,2,3,D,14,Corynactis,8,polyp 6,3.4350000000000005,0.4756848250000001
2/18/24,13.5,15:40:00,2,3,D,14,Corynactis,8,polyp 7,4.54,0.7125691999999999
2/18/24,13.5,15:40:00,2,3,D,14,Corynactis,8,polyp 8,2.9300000000000006,0.38124730000000007
2/18/24,13.5,15:40:00,2,4,D,12,Corynactis,5,polyp 1,3.09,0.41022970000000003
2/18/24,13.5,15:40:00,2,4,D,12,Corynactis,5,polyp 2,2.87,0.3706033
2/18/24,13.5,15:40:00,2,4,D,12,Corynactis,5,polyp 3,5.08,0.8434328
2/18/24,13.5,15:40:00,2,4,D,12,Corynactis,5,polyp 4,3.77,0.5431153
2/18/24,13.5,15:40:00,2,4,D,12,Corynactis,5,polyp 5,6.859999999999999,1.3450011999999998
2/19/24,13.5,04:45:00,1,1,E,2,Corynactis,4,polyp 1,2.88,0.3723688
2/19/24,13.5,04:45:00,1,1,E,2,Corynactis,4,polyp 2,2.8049999999999997,0.35921042499999994
2/19/24,13.5,04:45:00,1,1,E,2,Corynactis,4,polyp 3,2.885,0.37325282499999995
2/19/24,13.5,04:45:00,1,1,E,2,Corynactis,4,polyp 4,2.335,0.28110582500000003
2/19/24,13.5,04:45:00,1,2,E,1,Corynactis,3,polyp 1,3.77,0.5431153
2/19/24,13.5,04:45:00,1,2,E,1,Corynactis,3,polyp 2,3.93,0.5766673
2/19/24,13.5,04:45:00,1,2,E,1,Corynactis,3,polyp 3,4.125,0.618735625
2/19/24,13.5,04:45:00,1,4,E,5,Corynactis,4,polyp 1,2.575,0.32005062500000003
2/19/24,13.5,04:45:00,1,4,E,5,Corynactis,4,polyp 2,3.71,0.5307577
2/19/24,13.5,04:45:00,1,4,E,5,Corynactis,4,polyp 3,3.795,0.548300425
2/19/24,13.5,04:45:00,1,4,E,5,Corynactis,4,polyp 4,2.8649999999999998,0.36972182499999995
2/19/24,13.5,04:45:00,2,1,E,3,Corynactis,4,polyp 1,3.325,0.45437562500000006
2/19/24,13.5,04:45:00,2,1,E,3,Corynactis,4,polyp 2,3.775,0.5441506249999999
2/19/24,13.5,04:45:00,2,1,E,3,Corynactis,4,polyp 3,4.395,0.679118425
2/19/24,13.5,04:45:00,2,1,E,3,Corynactis,4,polyp 4,5.05,0.8359025
2/19/24,13.5,04:45:00,2,2,E,5,Corynactis,4,polyp 1,3.125,0.416685625
2/19/24,13.5,04:45:00,2,2,E,5,Corynactis,4,polyp 2,3.97,0.5851913
2/19/24,13.5,04:45:00,2,2,E,5,Corynactis,4,polyp 3,3.675,0.523605625
2/19/24,13.5,04:45:00,2,2,E,5,Corynactis,4,polyp 4,3.2800000000000002,0.4457768000000001
2/19/24,13.5,04:45:00,2,3,E,4,Corynactis,5,polyp 1,3.9250000000000003,0.5756056250000001
2/19/24,13.5,04:45:00,2,3,E,4,Corynactis,5,polyp 2,3.69,0.5266656999999999
2/19/24,13.5,04:45:00,2,3,E,4,Corynactis,5,polyp 3,3.24,0.4381912
2/19/24,13.5,04:45:00,2,3,E,4,Corynactis,5,polyp 4,3.735,0.535891825
2/19/24,13.5,04:45:00,2,3,E,4,Corynactis,5,polyp 5,3.185,0.427849825
2/19/24,13.5,04:45:00,2,4,E,1,Corynactis,4,polyp 1,4.31,0.6598416999999999
2/19/24,13.5,04:45:00,2,4,E,1,Corynactis,4,polyp 2,3.59,0.5064097
2/19/24,13.5,04:45:00,2,4,E,1,Corynactis,4,polyp 3,3.62,0.5124508
2/19/24,13.5,04:45:00,2,4,E,1,Corynactis,4,polyp 4,3.69,0.5266656999999999
2/19/24,13.5,09:30:00,1,1,B,2,Corynactis,3,polyp 1,4.805000000000001,0.775550425
2/19/24,13.5,09:30:00,1,1,B,2,Corynactis,3,polyp 2,3.115,0.4148368250000001
2/19/24,13.5,09:30:00,1,1,B,2,Corynactis,3,polyp 3,3.55,0.49840249999999997
2/19/24,13.5,09:30:00,1,2,B,5,Corynactis,7,polyp 1,3.4899999999999998,0.4864936999999999
2/19/24,13.5,09:30:00,1,2,B,5,Corynactis,7,polyp 2,4.045,0.6013204249999999
2/19/24,13.5,09:30:00,1,2,B,5,Corynactis,7,polyp 3,3.3499999999999996,0.45918249999999994
2/19/24,13.5,09:30:00,1,2,B,5,Corynactis,7,polyp 4,5.04,0.8333992000000001
2/19/24,13.5,09:30:00,1,2,B,5,Corynactis,7,polyp 5,3.5549999999999997,0.4994004249999999
2/19/24,13.5,09:30:00,1,2,B,5,Corynactis,7,polyp 6,3.69,0.5266656999999999
2/19/24,13.5,09:30:00,1,2,B,5,Corynactis,7,polyp 7,3.3550000000000004,0.460146425
2/19/24,13.5,09:30:00,1,4,B,3,Corynactis,5,polyp 1,3.4350000000000005,0.4756848250000001
2/19/24,13.5,09:30:00,1,4,B,3,Corynactis,5,polyp 2,3.24,0.4381912
2/19/24,13.5,09:30:00,1,4,B,3,Corynactis,5,polyp 3,2.25,0.2677825
2/19/24,13.5,09:30:00,1,4,B,3,Corynactis,5,polyp 4,3.835,0.5566408249999999
2/19/24,13.5,09:30:00,1,4,B,3,Corynactis,5,polyp 5,4.055,0.6034854249999999
2/19/24,13.5,09:30:00,2,1,B,1,Corynactis,5,polyp 1,4.255,0.6474994249999999
2/19/24,13.5,09:30:00,2,1,B,1,Corynactis,5,polyp 2,5.6850000000000005,1.001824825
2/19/24,13.5,09:30:00,2,1,B,1,Corynactis,5,polyp 3,3.605,0.509426425
2/19/24,13.5,09:30:00,2,1,B,1,Corynactis,5,polyp 4,5.195,0.872582425
2/19/24,13.5,09:30:00,2,1,B,1,Corynactis,5,polyp 5,5.75,1.0195824999999998
2/19/24,13.5,09:30:00,2,2,B,5,Corynactis,3,polyp 1,3.46,0.4805852
2/19/24,13.5,09:30:00,2,2,B,5,Corynactis,3,polyp 2,3.755,0.540014425
2/19/24,13.5,09:30:00,2,2,B,5,Corynactis,3,polyp 3,4.0249999999999995,0.597000625
2/19/24,13.5,09:30:00,2,3,B,4,Corynactis,7,polyp 1,4.9750000000000005,0.8172106250000002
2/19/24,13.5,09:30:00,2,3,B,4,Corynactis,7,polyp 2,5.815,1.0374838250000002
2/19/24,13.5,09:30:00,2,3,B,4,Corynactis,7,polyp 3,3.09,0.41022970000000003
2/19/24,13.5,09:30:00,2,3,B,4,Corynactis,7,polyp 4,4.83,0.7816153
2/19/24,13.5,09:30:00,2,3,B,4,Corynactis,7,polyp 5,3.745,0.5379514249999999
2/19/24,13.5,09:30:00,2,3,B,4,Corynactis,7,polyp 6,3.4850000000000003,0.4855068250000001
2/19/24,13.5,09:30:00,2,3,B,4,Corynactis,7,polyp 7,3.5999999999999996,0.5084199999999999
2/19/24,13.5,09:30:00,2,4,B,3,Corynactis,5,polyp 1,4.925,0.8048556249999999
2/19/24,13.5,09:30:00,2,4,B,3,Corynactis,5,polyp 2,3.4350000000000005,0.4756848250000001
2/19/24,13.5,09:30:00,2,4,B,3,Corynactis,5,polyp 3,3.4499999999999997,0.4786224999999999
2/19/24,13.5,09:30:00,2,4,B,3,Corynactis,5,polyp 4,3.3299999999999996,0.4553352999999999
2/19/24,13.5,09:30:00,2,4,B,3,Corynactis,5,polyp 5,2.915,0.378574825
2/20/24,13.5,09:20:00,1,1,A,1,Corynactis,4,polyp 1,2.925,0.380355625
2/20/24,13.5,09:20:00,1,1,A,1,Corynactis,4,polyp 2,2.9200000000000004,0.37946480000000005
2/20/24,13.5,09:20:00,1,1,A,1,Corynactis,4,polyp 3,3.4099999999999997,0.4708056999999999
2/20/24,13.5,09:20:00,1,1,A,1,Corynactis,4,polyp 4,2.8000000000000003,0.35834000000000005
2/20/24,13.5,09:20:00,1,2,A,1,Corynactis,6,polyp 1,3.3200000000000003,0.45341680000000006
2/20/24,13.5,09:20:00,1,2,A,1,Corynactis,6,polyp 2,3.6149999999999998,0.5114418249999999
2/20/24,13.5,09:20:00,1,2,A,1,Corynactis,6,polyp 3,2.8449999999999998,0.36620442499999994
2/20/24,13.5,09:20:00,1,2,A,1,Corynactis,6,polyp 4,4.130000000000001,0.6198313000000002
2/20/24,13.5,09:20:00,1,2,A,1,Corynactis,6,polyp 5,2.71,0.3428177
2/20/24,13.5,09:20:00,1,2,A,1,Corynactis,6,polyp 6,4.325,0.663225625
2/20/24,13.5,09:20:00,1,4,A,4,Corynactis,4,polyp 1,4.945,0.8097874250000001
2/20/24,13.5,09:20:00,1,4,A,4,Corynactis,4,polyp 2,2.7550000000000003,0.35054442500000005
2/20/24,13.5,09:20:00,1,4,A,4,Corynactis,4,polyp 3,3.375,0.46401062499999995
2/20/24,13.5,09:20:00,1,4,A,4,Corynactis,4,polyp 4,4.3149999999999995,0.6609688249999999
2/20/24,13.5,09:20:00,2,1,A,2,Corynactis,4,polyp 1,3.84,0.5576871999999999
2/20/24,13.5,09:20:00,2,1,A,2,Corynactis,4,polyp 2,4.865,0.7901418250000001
2/20/24,13.5,09:20:00,2,1,A,2,Corynactis,4,polyp 3,3.08,0.4083928
2/20/24,13.5,09:20:00,2,1,A,2,Corynactis,4,polyp 4,3.2,0.43066000000000004
2/20/24,13.5,09:20:00,2,2,A,3,Corynactis,4,polyp 1,3.695,0.527687425
2/20/24,13.5,09:20:00,2,2,A,3,Corynactis,4,polyp 2,3.795,0.548300425
2/20/24,13.5,09:20:00,2,2,A,3,Corynactis,4,polyp 3,4.35,0.6688824999999998
2/20/24,13.5,09:20:00,2,2,A,3,Corynactis,4,polyp 4,3.745,0.5379514249999999
2/20/24,13.5,09:20:00,2,3,A,4,Corynactis,5,polyp 1,3.59,0.5064097
2/20/24,13.5,09:20:00,2,3,A,4,Corynactis,5,polyp 2,4.035,0.5991588250000001
2/20/24,13.5,09:20:00,2,3,A,4,Corynactis,5,polyp 3,3.99,0.5894737000000001
2/20/24,13.5,09:20:00,2,3,A,4,Corynactis,5,polyp 4,5.59,0.9761297
2/20/24,13.5,09:20:00,2,3,A,4,Corynactis,5,polyp 5,3.5599999999999996,0.5003991999999999
2/20/24,13.5,09:20:00,2,4,A,5,Corynactis,3,polyp 1,3.61,0.5104337
2/20/24,13.5,09:20:00,2,4,A,5,Corynactis,3,polyp 2,2.75,0.3496825
2/20/24,13.5,09:20:00,2,4,A,5,Corynactis,3,polyp 3,2.94,0.38303319999999996
2/20/24,13.5,14:10:00,1,1,E,11,Corynactis,4,polyp 1,3.16,0.42318320000000004
2/20/24,13.5,14:10:00,1,1,E,11,Corynactis,4,polyp 2,2.8600000000000003,0.3688412000000001
2/20/24,13.5,14:10:00,1,1,E,11,Corynactis,4,polyp 3,4.0600000000000005,0.6045692
2/20/24,13.5,14:10:00,1,1,E,11,Corynactis,4,polyp 4,2.6350000000000002,0.33009282500000003
2/20/24,13.5,14:10:00,1,2,E,15,Corynactis,3,polyp 1,4.4350000000000005,0.6882748250000001
2/20/24,13.5,14:10:00,1,2,E,15,Corynactis,3,polyp 2,2.9899999999999998,0.39201369999999996
2/20/24,13.5,14:10:00,1,2,E,15,Corynactis,3,polyp 3,3.455,0.47960342499999997
2/20/24,13.5,14:10:00,1,4,E,12,Corynactis,4,polyp 1,3.215,0.43347782499999993
2/20/24,13.5,14:10:00,1,4,E,12,Corynactis,4,polyp 2,3.9250000000000003,0.5756056250000001
2/20/24,13.5,14:10:00,1,4,E,12,Corynactis,4,polyp 3,2.985,0.39111182499999997
2/20/24,13.5,14:10:00,1,4,E,12,Corynactis,4,polyp 4,3.46,0.4805852
2/20/24,13.5,14:10:00,2,1,E,14,Corynactis,3,polyp 1,2.465,0.30195782499999996
2/20/24,13.5,14:10:00,2,1,E,14,Corynactis,3,polyp 2,2.7749999999999995,0.3540006249999999
2/20/24,13.5,14:10:00,2,1,E,14,Corynactis,3,polyp 3,3.2750000000000004,0.44482562500000006
2/20/24,13.5,14:10:00,2,2,E,12,Corynactis,5,polyp 1,3.4799999999999995,0.4845207999999999
2/20/24,13.5,14:10:00,2,2,E,12,Corynactis,5,polyp 2,3.18,0.4269148
2/20/24,13.5,14:10:00,2,2,E,12,Corynactis,5,polyp 3,3.215,0.43347782499999993
2/20/24,13.5,14:10:00,2,2,E,12,Corynactis,5,polyp 4,3.3599999999999994,0.4611111999999999
2/20/24,13.5,14:10:00,2,2,E,12,Corynactis,5,polyp 5,1.3800000000000001,0.14553880000000002
2/20/24,13.5,14:10:00,2,3,E,15,Corynactis,4,polyp 1,3.165,0.424114825
2/20/24,13.5,14:10:00,2,3,E,15,Corynactis,4,polyp 2,2.9300000000000006,0.38124730000000007
2/20/24,13.5,14:10:00,2,3,E,15,Corynactis,4,polyp 3,2.955,0.385718425
2/20/24,13.5,14:10:00,2,3,E,15,Corynactis,4,polyp 4,3.5,0.48846999999999996
2/20/24,13.5,14:10:00,2,4,E,13,Corynactis,3,polyp 1,3.715,0.531782825
2/20/24,13.5,14:10:00,2,4,E,13,Corynactis,3,polyp 2,2.6350000000000002,0.33009282500000003
2/20/24,13.5,14:10:00,2,4,E,13,Corynactis,3,polyp 3,3.2,0.43066000000000004
2/21/24,13.5,09:50:00,1,1,B,8,Corynactis,5,polyp 1,3.305,0.450545425
2/21/24,13.5,09:50:00,1,1,B,8,Corynactis,5,polyp 2,3.4750000000000005,0.4835356250000001
2/21/24,13.5,09:50:00,1,1,B,8,Corynactis,5,polyp 3,3.3150000000000004,0.45245882500000006
2/21/24,13.5,09:50:00,1,1,B,8,Corynactis,5,polyp 4,3.5550000000000006,0.49940042500000015
2/21/24,13.5,09:50:00,1,1,B,8,Corynactis,5,polyp 5,3.5150000000000006,0.4914408250000001
2/21/24,13.5,09:50:00,1,2,B,10,Corynactis,4,polyp 1,5.18,0.8687547999999998
2/21/24,13.5,09:50:00,1,2,B,10,Corynactis,4,polyp 2,3.115,0.4148368250000001
2/21/24,13.5,09:50:00,1,2,B,10,Corynactis,4,polyp 3,6.3549999999999995,1.191756425
2/21/24,13.5,09:50:00,1,2,B,10,Corynactis,4,polyp 4,2.8649999999999998,0.36972182499999995
2/21/24,13.5,09:50:00,1,4,B,6,Corynactis,5,polyp 1,3.735,0.535891825
2/21/24,13.5,09:50:00,1,4,B,6,Corynactis,5,polyp 2,4.265,0.6497358249999998
2/21/24,13.5,09:50:00,1,4,B,6,Corynactis,5,polyp 3,3.62,0.5124508
2/21/24,13.5,09:50:00,1,4,B,6,Corynactis,5,polyp 4,5.04,0.8333992000000001
2/21/24,13.5,09:50:00,1,4,B,6,Corynactis,5,polyp 5,4.205,0.6363684249999999
2/21/24,13.5,09:50:00,2,1,B,10,Corynactis,7,polyp 1,3.885,0.5671428249999999
2/21/24,13.5,09:50:00,2,1,B,10,Corynactis,7,polyp 2,4.605,0.7277964250000001
2/21/24,13.5,09:50:00,2,1,B,10,Corynactis,7,polyp 3,2.8949999999999996,0.3750234249999999
2/21/24,13.5,09:50:00,2,1,B,10,Corynactis,7,polyp 4,4.83,0.7816153
2/21/24,13.5,09:50:00,2,1,B,10,Corynactis,7,polyp 5,3.2350000000000003,0.43724682500000006
2/21/24,13.5,09:50:00,2,1,B,10,Corynactis,7,polyp 6,2.9,0.37590999999999997
2/21/24,13.5,09:50:00,2,1,B,10,Corynactis,7,polyp 7,4.050000000000001,0.6024025000000002
2/21/24,13.5,09:50:00,2,2,B,7,Corynactis,7,polyp 1,3.025,0.39835062499999996
2/21/24,13.5,09:50:00,2,2,B,7,Corynactis,7,polyp 2,2.6550000000000002,0.33346742500000004
2/21/24,13.5,09:50:00,2,2,B,7,Corynactis,7,polyp 3,4.234999999999999,0.6430368249999998
2/21/24,13.5,09:50:00,2,2,B,7,Corynactis,7,polyp 4,2.87,0.3706033
2/21/24,13.5,09:50:00,2,2,B,7,Corynactis,7,polyp 5,4.0649999999999995,0.6056538249999999
2/21/24,13.5,09:50:00,2,2,B,7,Corynactis,7,polyp 6,3.525,0.493425625
2/21/24,13.5,09:50:00,2,2,B,7,Corynactis,7,polyp 7,3.3150000000000004,0.45245882500000006
2/21/24,13.5,09:50:00,2,3,B,9,Corynactis,3,polyp 1,3.3850000000000002,0.465947825
2/21/24,13.5,09:50:00,2,3,B,9,Corynactis,3,polyp 2,3.645,0.5175084249999999
2/21/24,13.5,09:50:00,2,3,B,9,Corynactis,3,polyp 3,3.075,0.407475625
2/21/24,13.5,09:50:00,2,4,B,6,Corynactis,5,polyp 1,3.77,0.5431153
2/21/24,13.5,09:50:00,2,4,B,6,Corynactis,5,polyp 2,4.32,0.6620968
2/21/24,13.5,09:50:00,2,4,B,6,Corynactis,5,polyp 3,4.07,0.6067393000000001
2/21/24,13.5,09:50:00,2,4,B,6,Corynactis,5,polyp 4,3.5,0.48846999999999996
2/21/24,13.5,09:50:00,2,4,B,6,Corynactis,5,polyp 5,2.915,0.378574825
2/21/24,13.5,15:00:00,1,1,C,1,Corynactis,6,polyp 1,3.92,0.5745448
2/21/24,13.5,15:00:00,1,1,C,1,Corynactis,6,polyp 2,3.73,0.5348632999999999
2/21/24,13.5,15:00:00,1,1,C,1,Corynactis,6,polyp 3,5.12,0.8535208000000001
2/21/24,13.5,15:00:00,1,1,C,1,Corynactis,6,polyp 4,5.5600000000000005,0.9680792
2/21/24,13.5,15:00:00,1,1,C,1,Corynactis,6,polyp 5,4.58,0.7219228
2/21/24,13.5,15:00:00,1,1,C,1,Corynactis,6,polyp 6,6.2250000000000005,1.1537106250000002
2/21/24,13.5,15:00:00,1,2,B,13,Corynactis,3,polyp 1,5.244999999999999,0.8853964249999997
2/21/24,13.5,15:00:00,1,2,B,13,Corynactis,3,polyp 2,5.569999999999999,0.9707592999999999
2/21/24,13.5,15:00:00,1,2,B,13,Corynactis,3,polyp 3,5.125,0.854785625
2/21/24,13.5,15:00:00,1,4,E,2,Corynactis,3,polyp 1,4.175,0.6297306249999999
2/21/24,13.5,15:00:00,1,4,E,2,Corynactis,3,polyp 2,2.99,0.3920137
2/21/24,13.5,15:00:00,1,4,E,2,Corynactis,3,polyp 3,2.955,0.385718425
2/21/24,13.5,15:00:00,2,1,A,5,Corynactis,3,polyp 1,3.065,0.405643825
2/21/24,13.5,15:00:00,2,1,A,5,Corynactis,3,polyp 2,3.67,0.5225873
2/21/24,13.5,15:00:00,2,1,A,5,Corynactis,3,polyp 3,2.7300000000000004,0.34624330000000003
2/21/24,13.5,15:00:00,2,2,D,9,Corynactis,10,polyp 1,6.37,1.1961833
2/21/24,13.5,15:00:00,2,2,D,9,Corynactis,10,polyp 10,3.6650000000000005,0.521569825
2/21/24,13.5,15:00:00,2,2,D,9,Corynactis,10,polyp 2,4.135,0.6209278249999999
2/21/24,13.5,15:00:00,2,2,D,9,Corynactis,10,polyp 3,2.685,0.338554825
2/21/24,13.5,15:00:00,2,2,D,9,Corynactis,10,polyp 4,2.6949999999999994,0.3402574249999999
2/21/24,13.5,15:00:00,2,2,D,9,Corynactis,10,polyp 5,3.745,0.5379514249999999
2/21/24,13.5,15:00:00,2,2,D,9,Corynactis,10,polyp 6,4.01,0.5937697
2/21/24,13.5,15:00:00,2,2,D,9,Corynactis,10,polyp 7,3.3299999999999996,0.4553352999999999
2/21/24,13.5,15:00:00,2,2,D,9,Corynactis,10,polyp 8,4.73,0.7574833000000001
2/21/24,13.5,15:00:00,2,2,D,9,Corynactis,10,polyp 9,2.625,0.328410625
2/21/24,13.5,15:00:00,2,3,B,8,Corynactis,8,polyp 1,3.615,0.511441825
2/21/24,13.5,15:00:00,2,3,B,8,Corynactis,8,polyp 2,3.825,0.5545506250000001
2/21/24,13.5,15:00:00,2,3,B,8,Corynactis,8,polyp 3,3.3950000000000005,0.46788842500000005
2/21/24,13.5,15:00:00,2,3,B,8,Corynactis,8,polyp 4,3.3000000000000003,0.44959000000000005
2/21/24,13.5,15:00:00,2,3,B,8,Corynactis,8,polyp 5,4.325,0.663225625
2/21/24,13.5,15:00:00,2,3,B,8,Corynactis,8,polyp 6,3.4350000000000005,0.4756848250000001
2/21/24,13.5,15:00:00,2,3,B,8,Corynactis,8,polyp 7,4.63,0.7336912999999999
2/21/24,13.5,15:00:00,2,3,B,8,Corynactis,8,polyp 8,3.9050000000000002,0.571367425
2/21/24,13.5,15:00:00,2,4,E,14,Corynactis,4,polyp 1,3.0549999999999997,0.40381542499999995
2/21/24,13.5,15:00:00,2,4,E,14,Corynactis,4,polyp 2,3.105,0.41299142499999997
2/21/24,13.5,15:00:00,2,4,E,14,Corynactis,4,polyp 3,3.26,0.44197719999999996
2/21/24,13.5,15:00:00,2,4,E,14,Corynactis,4,polyp 4,2.7150000000000003,0.34367282500000007
